[2026-06-30 13:47:59] INFO: Connected to MongoDB
[2026-06-30 13:47:59] INFO: Server running on http://localhost:5000
[2026-06-30 13:48:05] INFO: Fetching all paintings
[2026-06-30 13:48:05] INFO: Paintings fetched successfully {"count":8}
[2026-06-30 13:48:05] INFO: GET /api/paintings [36m304[39m 81ms {"meta":{}}
[2026-06-30 13:48:05] INFO: Fetching all paintings
[2026-06-30 13:48:05] INFO: Paintings fetched successfully {"count":8}
[2026-06-30 13:48:05] INFO: GET /api/paintings [36m304[39m 51ms {"meta":{}}
[2026-06-30 13:48:09] INFO: Fetching painting {"paintingId":"6a42612d514eea57f10791c8"}
[2026-06-30 13:48:09] INFO: Painting fetched successfully {"paintingId":"6a42612d514eea57f10791c8","title":"The Death of Socrates","relatedCount":0}
[2026-06-30 13:48:09] INFO: GET /api/paintings/6a42612d514eea57f10791c8 [36m304[39m 101ms {"meta":{}}
[2026-06-30 13:48:09] INFO: Fetching painting {"paintingId":"6a42612d514eea57f10791c8"}
[2026-06-30 13:48:09] INFO: Painting fetched successfully {"paintingId":"6a42612d514eea57f10791c8","title":"The Death of Socrates","relatedCount":0}
[2026-06-30 13:48:09] INFO: GET /api/paintings/6a42612d514eea57f10791c8 [36m304[39m 66ms {"meta":{}}
[2026-06-30 14:15:51] INFO: Connected to MongoDB
[2026-06-30 14:15:51] INFO: Server running on http://localhost:5000
[2026-06-30 14:16:10] INFO: Fetching all paintings
[2026-06-30 14:16:10] INFO: Paintings fetched successfully {"count":8}
[2026-06-30 14:16:10] INFO: GET /api/paintings [32m200[39m 79ms {"meta":{}}
[2026-06-30 14:16:10] INFO: Fetching all paintings
[2026-06-30 14:16:10] INFO: Paintings fetched successfully {"count":8}
[2026-06-30 14:16:10] INFO: GET /api/paintings [36m304[39m 40ms {"meta":{}}
[2026-06-30 14:16:11] INFO: Fetching all paintings
[2026-06-30 14:16:11] INFO: Paintings fetched successfully {"count":8}
[2026-06-30 14:16:11] INFO: GET /api/paintings [36m304[39m 45ms {"meta":{}}
[2026-06-30 14:16:11] INFO: Fetching all paintings
[2026-06-30 14:16:11] INFO: Paintings fetched successfully {"count":8}
[2026-06-30 14:16:11] INFO: GET /api/paintings [36m304[39m 40ms {"meta":{}}
[2026-06-30 14:16:12] INFO: Fetching all paintings
[2026-06-30 14:16:12] INFO: Paintings fetched successfully {"count":8}
[2026-06-30 14:16:12] INFO: GET /api/paintings [36m304[39m 43ms {"meta":{}}
[2026-06-30 14:16:12] INFO: Fetching all paintings
[2026-06-30 14:16:12] INFO: Paintings fetched successfully {"count":8}
[2026-06-30 14:16:12] INFO: GET /api/paintings [36m304[39m 40ms {"meta":{}}
[2026-06-30 14:16:15] INFO: Fetching painting {"paintingId":"6a43a57377b2182721d40db1"}
[2026-06-30 14:16:15] INFO: Painting fetched successfully {"paintingId":"6a43a57377b2182721d40db1","title":"The Chess Players","relatedCount":0}
[2026-06-30 14:16:15] INFO: GET /api/paintings/6a43a57377b2182721d40db1 [32m200[39m 41ms {"meta":{}}
[2026-06-30 14:16:15] INFO: Fetching painting {"paintingId":"6a43a57377b2182721d40db1"}
[2026-06-30 14:16:15] INFO: Painting fetched successfully {"paintingId":"6a43a57377b2182721d40db1","title":"The Chess Players","relatedCount":0}
[2026-06-30 14:16:15] INFO: GET /api/paintings/6a43a57377b2182721d40db1 [36m304[39m 42ms {"meta":{}}
[2026-06-30 14:16:19] INFO: Fetching all paintings
[2026-06-30 14:16:19] INFO: Paintings fetched successfully {"count":8}
[2026-06-30 14:16:19] INFO: GET /api/paintings [36m304[39m 48ms {"meta":{}}
[2026-06-30 14:16:19] INFO: Fetching all paintings
[2026-06-30 14:16:19] INFO: Paintings fetched successfully {"count":8}
[2026-06-30 14:16:19] INFO: GET /api/paintings [36m304[39m 40ms {"meta":{}}
[2026-06-30 14:16:22] INFO: Fetching painting {"paintingId":"6a43a57377b2182721d40db1"}
[2026-06-30 14:16:22] INFO: Painting fetched successfully {"paintingId":"6a43a57377b2182721d40db1","title":"The Chess Players","relatedCount":0}
[2026-06-30 14:16:22] INFO: GET /api/paintings/6a43a57377b2182721d40db1 [36m304[39m 45ms {"meta":{}}
[2026-06-30 14:16:22] INFO: Fetching painting {"paintingId":"6a43a57377b2182721d40db1"}
[2026-06-30 14:16:22] INFO: Painting fetched successfully {"paintingId":"6a43a57377b2182721d40db1","title":"The Chess Players","relatedCount":0}
[2026-06-30 14:16:22] INFO: GET /api/paintings/6a43a57377b2182721d40db1 [36m304[39m 43ms {"meta":{}}
[2026-06-30 14:16:24] INFO: Fetching all paintings
[2026-06-30 14:16:24] INFO: Paintings fetched successfully {"count":8}
[2026-06-30 14:16:24] INFO: GET /api/paintings [36m304[39m 38ms {"meta":{}}
[2026-06-30 14:16:24] INFO: Fetching all paintings
[2026-06-30 14:16:24] INFO: Paintings fetched successfully {"count":8}
[2026-06-30 14:16:24] INFO: GET /api/paintings [36m304[39m 39ms {"meta":{}}
[2026-06-30 14:32:27] INFO: Fetching all paintings
[2026-06-30 14:32:27] INFO: Paintings fetched successfully {"count":24}
[2026-06-30 14:32:27] INFO: GET /api/paintings [32m200[39m 53ms {"meta":{}}
[2026-06-30 14:32:27] INFO: Fetching all paintings
[2026-06-30 14:32:27] INFO: Paintings fetched successfully {"count":24}
[2026-06-30 14:32:27] INFO: GET /api/paintings [36m304[39m 48ms {"meta":{}}
[2026-06-30 14:33:07] INFO: Fetching painting {"paintingId":"6a43a94440ce6ee20682b3a8"}
[2026-06-30 14:33:07] INFO: Painting fetched successfully {"paintingId":"6a43a94440ce6ee20682b3a8","title":"The Return of the Prodigal Son","relatedCount":0}
[2026-06-30 14:33:07] INFO: GET /api/paintings/6a43a94440ce6ee20682b3a8 [32m200[39m 46ms {"meta":{}}
[2026-06-30 14:33:07] INFO: Fetching painting {"paintingId":"6a43a94440ce6ee20682b3a8"}
[2026-06-30 14:33:07] INFO: Painting fetched successfully {"paintingId":"6a43a94440ce6ee20682b3a8","title":"The Return of the Prodigal Son","relatedCount":0}
[2026-06-30 14:33:07] INFO: GET /api/paintings/6a43a94440ce6ee20682b3a8 [36m304[39m 55ms {"meta":{}}
[2026-06-30 14:33:10] INFO: Fetching all paintings
[2026-06-30 14:33:11] INFO: Paintings fetched successfully {"count":24}
[2026-06-30 14:33:11] INFO: GET /api/paintings [36m304[39m 40ms {"meta":{}}
[2026-06-30 14:33:11] INFO: Fetching all paintings
[2026-06-30 14:33:11] INFO: Paintings fetched successfully {"count":24}
[2026-06-30 14:33:11] INFO: GET /api/paintings [36m304[39m 44ms {"meta":{}}
[2026-06-30 14:33:12] INFO: Fetching painting {"paintingId":"6a43a94440ce6ee20682b3a5"}
[2026-06-30 14:33:12] INFO: Painting fetched successfully {"paintingId":"6a43a94440ce6ee20682b3a5","title":"The Isle of the Dead","relatedCount":0}
[2026-06-30 14:33:12] INFO: GET /api/paintings/6a43a94440ce6ee20682b3a5 [32m200[39m 37ms {"meta":{}}
[2026-06-30 14:33:12] INFO: Fetching painting {"paintingId":"6a43a94440ce6ee20682b3a5"}
[2026-06-30 14:33:13] INFO: Painting fetched successfully {"paintingId":"6a43a94440ce6ee20682b3a5","title":"The Isle of the Dead","relatedCount":0}
[2026-06-30 14:33:13] INFO: GET /api/paintings/6a43a94440ce6ee20682b3a5 [36m304[39m 40ms {"meta":{}}
[2026-06-30 14:33:14] INFO: Fetching all paintings
[2026-06-30 14:33:14] INFO: Paintings fetched successfully {"count":24}
[2026-06-30 14:33:14] INFO: GET /api/paintings [36m304[39m 41ms {"meta":{}}
[2026-06-30 14:33:14] INFO: Fetching all paintings
[2026-06-30 14:33:14] INFO: Paintings fetched successfully {"count":24}
[2026-06-30 14:33:14] INFO: GET /api/paintings [36m304[39m 46ms {"meta":{}}
[2026-06-30 14:33:15] INFO: Fetching painting {"paintingId":"6a43a94440ce6ee20682b3a6"}
[2026-06-30 14:33:15] INFO: Painting fetched successfully {"paintingId":"6a43a94440ce6ee20682b3a6","title":"The Sleep of Reason Produces Monsters","relatedCount":0}
[2026-06-30 14:33:15] INFO: GET /api/paintings/6a43a94440ce6ee20682b3a6 [32m200[39m 39ms {"meta":{}}
[2026-06-30 14:33:15] INFO: Fetching painting {"paintingId":"6a43a94440ce6ee20682b3a6"}
[2026-06-30 14:33:15] INFO: Painting fetched successfully {"paintingId":"6a43a94440ce6ee20682b3a6","title":"The Sleep of Reason Produces Monsters","relatedCount":0}
[2026-06-30 14:33:15] INFO: GET /api/paintings/6a43a94440ce6ee20682b3a6 [36m304[39m 41ms {"meta":{}}
[2026-06-30 14:33:16] INFO: Fetching all paintings
[2026-06-30 14:33:17] INFO: Paintings fetched successfully {"count":24}
[2026-06-30 14:33:17] INFO: GET /api/paintings [36m304[39m 55ms {"meta":{}}
[2026-06-30 14:33:17] INFO: Fetching all paintings
[2026-06-30 14:33:17] INFO: Paintings fetched successfully {"count":24}
[2026-06-30 14:33:17] INFO: GET /api/paintings [36m304[39m 38ms {"meta":{}}
[2026-06-30 14:33:19] INFO: Fetching painting {"paintingId":"6a43a94440ce6ee20682b3a1"}
[2026-06-30 14:33:19] INFO: Painting fetched successfully {"paintingId":"6a43a94440ce6ee20682b3a1","title":"The Raft of the Medusa","relatedCount":0}
[2026-06-30 14:33:19] INFO: GET /api/paintings/6a43a94440ce6ee20682b3a1 [32m200[39m 38ms {"meta":{}}
[2026-06-30 14:33:19] INFO: Fetching painting {"paintingId":"6a43a94440ce6ee20682b3a1"}
[2026-06-30 14:33:19] INFO: Painting fetched successfully {"paintingId":"6a43a94440ce6ee20682b3a1","title":"The Raft of the Medusa","relatedCount":0}
[2026-06-30 14:33:19] INFO: GET /api/paintings/6a43a94440ce6ee20682b3a1 [36m304[39m 39ms {"meta":{}}
[2026-06-30 14:33:21] INFO: Fetching all paintings
[2026-06-30 14:33:21] INFO: Paintings fetched successfully {"count":24}
[2026-06-30 14:33:21] INFO: GET /api/paintings [36m304[39m 38ms {"meta":{}}
[2026-06-30 14:33:21] INFO: Fetching all paintings
[2026-06-30 14:33:21] INFO: Paintings fetched successfully {"count":24}
[2026-06-30 14:33:21] INFO: GET /api/paintings [36m304[39m 41ms {"meta":{}}
[2026-06-30 14:42:07] INFO: Connected to MongoDB
[2026-06-30 14:42:07] INFO: Server running on http://localhost:5000
[2026-06-30 14:47:22] INFO: 🔗 Building painting relationships...
[2026-06-30 14:47:22] INFO: Updated: The Death of Socrates
[2026-06-30 14:47:22] INFO: Updated: Reply of the Zaporozhian Cossacks
[2026-06-30 14:47:22] INFO: Updated: Water from the Rock
[2026-06-30 14:47:23] INFO: Updated: The Bard
[2026-06-30 14:47:23] INFO: Updated: The Chess Players
[2026-06-30 14:47:23] INFO: Updated: Daniel in the Lion's Den
[2026-06-30 14:47:23] INFO: Updated: The Knight in the Enchanted Garden
[2026-06-30 14:47:23] INFO: Updated: The Knight of the White Cross
[2026-06-30 14:47:23] INFO: Updated: The Oath of the Horatii
[2026-06-30 14:47:23] INFO: Updated: The Coronation of Napoleon
[2026-06-30 14:47:23] INFO: Updated: The Death of Marat
[2026-06-30 14:47:23] INFO: Updated: The Apotheosis of Homer
[2026-06-30 14:47:23] INFO: Updated: Liberty Leading the People
[2026-06-30 14:47:23] INFO: Updated: The Raft of the Medusa
[2026-06-30 14:47:23] INFO: Updated: Wanderer above the Sea of Fog
[2026-06-30 14:47:23] INFO: Updated: The Nightmare
[2026-06-30 14:47:23] INFO: Updated: Ophelia
[2026-06-30 14:47:23] INFO: Updated: The Isle of the Dead
[2026-06-30 14:47:23] INFO: Updated: The Sleep of Reason Produces Monsters
[2026-06-30 14:47:23] INFO: Updated: The Kiss
[2026-06-30 14:47:23] INFO: Updated: The Return of the Prodigal Son
[2026-06-30 14:47:23] INFO: Updated: The Last Supper
[2026-06-30 14:47:23] INFO: Updated: The Creation of Adam
[2026-06-30 14:47:23] INFO: Updated: Ivan the Terrible and His Son Ivan
[2026-06-30 14:47:23] INFO: ✅ Relationship graph built successfully
[2026-06-30 14:48:03] INFO: Connected to MongoDB
[2026-06-30 14:48:03] INFO: Server running on http://localhost:5000
[2026-06-30 14:49:03] INFO: 🔗 Building painting relationships...
[2026-06-30 14:49:03] INFO: Updated: The Death of Socrates
[2026-06-30 14:49:03] INFO: Updated: Reply of the Zaporozhian Cossacks
[2026-06-30 14:49:03] INFO: Updated: Water from the Rock
[2026-06-30 14:49:04] INFO: Updated: The Bard
[2026-06-30 14:49:04] INFO: Updated: The Chess Players
[2026-06-30 14:49:04] INFO: Updated: Daniel in the Lion's Den
[2026-06-30 14:49:04] INFO: Updated: The Knight in the Enchanted Garden
[2026-06-30 14:49:04] INFO: Updated: The Knight of the White Cross
[2026-06-30 14:49:04] INFO: Updated: The Oath of the Horatii
[2026-06-30 14:49:04] INFO: Updated: The Coronation of Napoleon
[2026-06-30 14:49:04] INFO: Updated: The Death of Marat
[2026-06-30 14:49:04] INFO: Updated: The Apotheosis of Homer
[2026-06-30 14:49:04] INFO: Updated: Liberty Leading the People
[2026-06-30 14:49:04] INFO: Updated: The Raft of the Medusa
[2026-06-30 14:49:04] INFO: Updated: Wanderer above the Sea of Fog
[2026-06-30 14:49:04] INFO: Updated: The Nightmare
[2026-06-30 14:49:04] INFO: Updated: Ophelia
[2026-06-30 14:49:04] INFO: Updated: The Isle of the Dead
[2026-06-30 14:49:04] INFO: Updated: The Sleep of Reason Produces Monsters
[2026-06-30 14:49:04] INFO: Updated: The Kiss
[2026-06-30 14:49:04] INFO: Updated: The Return of the Prodigal Son
[2026-06-30 14:49:04] INFO: Updated: The Last Supper
[2026-06-30 14:49:04] INFO: Updated: The Creation of Adam
[2026-06-30 14:49:04] INFO: Updated: Ivan the Terrible and His Son Ivan
[2026-06-30 14:49:04] INFO: ✅ Relationship graph built successfully
[2026-06-30 14:49:52] INFO: 📊 Exporting graph data...
[2026-06-30 14:49:52] INFO: 📁 graph.json generated successfully
[2026-06-30 14:56:34] INFO: Connected to MongoDB
[2026-06-30 14:56:34] INFO: Server running on http://localhost:5000
[2026-06-30 14:56:39] INFO: 📊 Exporting graph data...
[2026-06-30 14:56:40] INFO: 📁 graph.json generated successfully
[2026-06-30 14:57:39] INFO: Fetching all paintings
[2026-06-30 14:57:39] INFO: Paintings fetched successfully {"count":24}
[2026-06-30 14:57:39] INFO: GET /api/paintings [32m200[39m 53ms {"meta":{}}
[2026-06-30 14:57:39] INFO: Fetching all paintings
[2026-06-30 14:57:39] INFO: Paintings fetched successfully {"count":24}
[2026-06-30 14:57:39] INFO: GET /api/paintings [36m304[39m 48ms {"meta":{}}
[2026-06-30 14:57:54] INFO: GET /graph.json [32m200[39m 5ms {"meta":{}}
[2026-06-30 14:57:54] INFO: GET /graph.json [36m304[39m 0ms {"meta":{}}
[2026-06-30 15:00:22] INFO: GET /graph.json [36m304[39m 1ms {"meta":{}}
[2026-06-30 15:00:23] INFO: GET /graph.json [36m304[39m 1ms {"meta":{}}
[2026-06-30 15:00:25] INFO: GET /graph.json [36m304[39m 0ms {"meta":{}}
[2026-06-30 15:00:25] INFO: GET /graph.json [36m304[39m 0ms {"meta":{}}
[2026-06-30 15:08:49] INFO: GET /graph.json [36m304[39m 1ms {"meta":{}}
[2026-06-30 15:08:49] INFO: GET /graph.json [36m304[39m 0ms {"meta":{}}
[2026-06-30 15:08:50] INFO: GET /graph.json [36m304[39m 1ms {"meta":{}}
[2026-06-30 15:11:14] INFO: GET /graph.json [36m304[39m 1ms {"meta":{}}
[2026-06-30 15:11:14] INFO: GET /graph.json [36m304[39m 1ms {"meta":{}}
[2026-06-30 15:11:45] INFO: GET /graph.json [36m304[39m 1ms {"meta":{}}
[2026-06-30 15:11:46] INFO: GET /graph.json [36m304[39m 0ms {"meta":{}}
[2026-06-30 15:11:48] INFO: GET /graph.json [36m304[39m 1ms {"meta":{}}
[2026-06-30 15:11:48] INFO: GET /graph.json [36m304[39m 0ms {"meta":{}}
[2026-06-30 15:12:01] INFO: GET /graph.json [36m304[39m 0ms {"meta":{}}
[2026-06-30 15:12:01] INFO: GET /graph.json [36m304[39m 0ms {"meta":{}}
[2026-06-30 15:12:44] INFO: GET /graph.json [36m304[39m 1ms {"meta":{}}
[2026-06-30 15:12:44] INFO: GET /graph.json [36m304[39m 1ms {"meta":{}}
[2026-06-30 15:14:57] INFO: GET /graph.json [36m304[39m 0ms {"meta":{}}
[2026-06-30 15:14:58] INFO: GET /graph.json [36m304[39m 1ms {"meta":{}}
[2026-06-30 15:15:00] INFO: GET /graph.json [36m304[39m 0ms {"meta":{}}
[2026-06-30 15:15:00] INFO: GET /graph.json [36m304[39m 0ms {"meta":{}}
[2026-06-30 15:18:43] INFO: GET /graph.json [36m304[39m 0ms {"meta":{}}
[2026-06-30 15:18:43] INFO: GET /graph.json [36m304[39m 0ms {"meta":{}}
[2026-06-30 15:20:00] INFO: Connected to MongoDB
[2026-06-30 15:20:00] INFO: Server running on http://localhost:5000
[2026-06-30 15:20:04] INFO: Fetching all paintings
[2026-06-30 15:20:04] INFO: Paintings fetched successfully {"count":24}
[2026-06-30 15:20:04] INFO: GET /api/paintings [36m304[39m 99ms {"meta":{}}
[2026-06-30 15:20:04] INFO: Fetching all paintings
[2026-06-30 15:20:04] INFO: Paintings fetched successfully {"count":24}
[2026-06-30 15:20:04] INFO: GET /api/paintings [36m304[39m 59ms {"meta":{}}
[2026-06-30 15:20:06] INFO: GET /graph.json [36m304[39m 1ms {"meta":{}}
[2026-06-30 15:20:06] INFO: GET /graph.json [36m304[39m 0ms {"meta":{}}
[2026-06-30 15:20:26] INFO: 🔗 Building relationships...
[2026-06-30 15:20:26] ERROR: Cast to [ObjectId] failed for value "[\n' +
  "  { id: new ObjectId('6a43a94440ce6ee20682b39c'), score: 11 },\n" +
  "  { id: new ObjectId('6a43a94440ce6ee20682b39d'), score: 11 },\n" +
  "  { id: new ObjectId('6a43a94440ce6ee20682b39e'), score: 11 },\n" +
  "  { id: new ObjectId('6a43a94440ce6ee20682b39f'), score: 6 }\n" +
  ']" (type string) at path "relatedPaintings.0" because of "CastError" {"stringValue":"\"[\\n' +\n  \"  { id: new ObjectId('6a43a94440ce6ee20682b39c'), score: 11 },\\n\" +\n  \"  { id: new ObjectId('6a43a94440ce6ee20682b39d'), score: 11 },\\n\" +\n  \"  { id: new ObjectId('6a43a94440ce6ee20682b39e'), score: 11 },\\n\" +\n  \"  { id: new ObjectId('6a43a94440ce6ee20682b39f'), score: 6 }\\n\" +\n  ']\"","kind":"[ObjectId]","value":"[\n  { id: new ObjectId('6a43a94440ce6ee20682b39c'), score: 11 },\n  { id: new ObjectId('6a43a94440ce6ee20682b39d'), score: 11 },\n  { id: new ObjectId('6a43a94440ce6ee20682b39e'), score: 11 },\n  { id: new ObjectId('6a43a94440ce6ee20682b39f'), score: 6 }\n]","path":"relatedPaintings.0","reason":{"stringValue":"\"{ id: new ObjectId('6a43a94440ce6ee20682b39c'), score: 11 }\"","valueType":"Object","kind":"ObjectId","value":{"id":"6a43a94440ce6ee20682b39c","score":11},"path":"relatedPaintings","reason":{},"name":"CastError","message":"Cast to ObjectId failed for value \"{ id: new ObjectId('6a43a94440ce6ee20682b39c'), score: 11 }\" (type Object) at path \"relatedPaintings\""},"valueType":"string"}
CastError: Cast to [ObjectId] failed for value "[\n' +
  "  { id: new ObjectId('6a43a94440ce6ee20682b39c'), score: 11 },\n" +
  "  { id: new ObjectId('6a43a94440ce6ee20682b39d'), score: 11 },\n" +
  "  { id: new ObjectId('6a43a94440ce6ee20682b39e'), score: 11 },\n" +
  "  { id: new ObjectId('6a43a94440ce6ee20682b39f'), score: 6 }\n" +
  ']" (type string) at path "relatedPaintings.0" because of "CastError"
    at SchemaArray.cast (C:\Users\danie\Desktop\My Portfolio\Paintings-Project\Paintings-Project\backend\node_modules\mongoose\lib\schema\array.js:407:15)
    at SchemaType.applySetters (C:\Users\danie\Desktop\My Portfolio\Paintings-Project\Paintings-Project\backend\node_modules\mongoose\lib\schemaType.js:1373:12)
    at castUpdateVal (C:\Users\danie\Desktop\My Portfolio\Paintings-Project\Paintings-Project\backend\node_modules\mongoose\lib\helpers\query\castUpdate.js:637:21)
    at walkUpdatePath (C:\Users\danie\Desktop\My Portfolio\Paintings-Project\Paintings-Project\backend\node_modules\mongoose\lib\helpers\query\castUpdate.js:442:24)
    at castUpdate (C:\Users\danie\Desktop\My Portfolio\Paintings-Project\Paintings-Project\backend\node_modules\mongoose\lib\helpers\query\castUpdate.js:148:7)
    at model.Query._castUpdate (C:\Users\danie\Desktop\My Portfolio\Paintings-Project\Paintings-Project\backend\node_modules\mongoose\lib\query.js:5043:10)
    at model.Query._findOneAndUpdate (C:\Users\danie\Desktop\My Portfolio\Paintings-Project\Paintings-Project\backend\node_modules\mongoose\lib\query.js:3579:34)
    at maybeTracedQueryExec (C:\Users\danie\Desktop\My Portfolio\Paintings-Project\Paintings-Project\backend\node_modules\mongoose\lib\query.js:4801:83)
    at process.processTicksAndRejections (node:internal/process/task_queues:103:5)
    at async buildRelationships (C:\Users\danie\Desktop\My Portfolio\Paintings-Project\Paintings-Project\backend\scripts\buildRelationships.js:84:5)
[2026-06-30 15:21:22] INFO: Connected to MongoDB
[2026-06-30 15:21:22] INFO: Server running on http://localhost:5000
[2026-06-30 15:21:27] INFO: 🔗 Building relationships...
[2026-06-30 15:21:27] INFO: Updated: The Death of Socrates
[2026-06-30 15:21:27] INFO: Updated: Reply of the Zaporozhian Cossacks
[2026-06-30 15:21:27] INFO: Updated: Water from the Rock
[2026-06-30 15:21:27] INFO: Updated: The Bard
[2026-06-30 15:21:27] INFO: Updated: The Chess Players
[2026-06-30 15:21:27] INFO: Updated: Daniel in the Lion's Den
[2026-06-30 15:21:28] INFO: Updated: The Knight in the Enchanted Garden
[2026-06-30 15:21:28] INFO: Updated: The Knight of the White Cross
[2026-06-30 15:21:28] INFO: Updated: The Oath of the Horatii
[2026-06-30 15:21:28] INFO: Updated: The Coronation of Napoleon
[2026-06-30 15:21:28] INFO: Updated: The Death of Marat
[2026-06-30 15:21:28] INFO: Updated: The Apotheosis of Homer
[2026-06-30 15:21:28] INFO: Updated: Liberty Leading the People
[2026-06-30 15:21:28] INFO: Updated: The Raft of the Medusa
[2026-06-30 15:21:28] INFO: Updated: Wanderer above the Sea of Fog
[2026-06-30 15:21:28] INFO: Updated: The Nightmare
[2026-06-30 15:21:28] INFO: Updated: Ophelia
[2026-06-30 15:21:28] INFO: Updated: The Isle of the Dead
[2026-06-30 15:21:28] INFO: Updated: The Sleep of Reason Produces Monsters
[2026-06-30 15:21:28] INFO: Updated: The Kiss
[2026-06-30 15:21:28] INFO: Updated: The Return of the Prodigal Son
[2026-06-30 15:21:28] INFO: Updated: The Last Supper
[2026-06-30 15:21:28] INFO: Updated: The Creation of Adam
[2026-06-30 15:21:28] INFO: Updated: Ivan the Terrible and His Son Ivan
[2026-06-30 15:21:28] INFO: ✅ Done building relationships
[2026-06-30 15:21:40] INFO: 📊 Exporting graph...
[2026-06-30 15:21:41] INFO: ✅ graph.json exported
[2026-06-30 15:21:55] INFO: GET /graph.json [32m200[39m 10ms {"meta":{}}
[2026-06-30 15:21:55] INFO: GET /graph.json [36m304[39m 1ms {"meta":{}}
[2026-06-30 15:22:09] INFO: GET /graph.json [36m304[39m 2ms {"meta":{}}
[2026-06-30 15:22:09] INFO: GET /graph.json [36m304[39m 0ms {"meta":{}}
[2026-06-30 15:23:10] INFO: GET /graph.json [36m304[39m 1ms {"meta":{}}
[2026-06-30 15:23:11] INFO: GET /graph.json [36m304[39m 0ms {"meta":{}}
[2026-06-30 15:23:11] INFO: GET /graph.json [36m304[39m 0ms {"meta":{}}
[2026-06-30 15:24:22] INFO: GET /graph.json [36m304[39m 0ms {"meta":{}}
[2026-06-30 15:24:27] INFO: GET /graph.json [36m304[39m 0ms {"meta":{}}
[2026-06-30 15:24:28] INFO: GET /graph.json [36m304[39m 0ms {"meta":{}}
[2026-06-30 15:24:28] INFO: GET /graph.json [36m304[39m 0ms {"meta":{}}
[2026-06-30 15:27:33] INFO: Connected to MongoDB
[2026-06-30 15:27:33] INFO: Server running on http://localhost:5000
[2026-06-30 15:27:41] INFO: 🔗 Building relationships...
[2026-06-30 15:27:41] ERROR: Cast to [ObjectId] failed for value "[\n' +
  "  { id: '6a43a94440ce6ee20682b39c', score: 7 },\n" +
  "  { id: '6a43a94440ce6ee20682b39d', score: 7 },\n" +
  "  { id: '6a43a94440ce6ee20682b39e', score: 7 },\n" +
  "  { id: '6a43a94440ce6ee20682b39f', score: 2 },\n" +
  "  { id: '6a43a94440ce6ee20682b395', score: 1 },\n" +
  "  { id: '6a43a94440ce6ee20682b39b', score: 1 },\n" +
  "  { id: '6a43a94440ce6ee20682b3a4', score: 1 },\n" +
  "  { id: '6a43a94440ce6ee20682b3a6', score: 1 }\n" +
  ']" (type string) at path "relatedPaintings.0" because of "CastError" {"stringValue":"\"[\\n' +\n  \"  { id: '6a43a94440ce6ee20682b39c', score: 7 },\\n\" +\n  \"  { id: '6a43a94440ce6ee20682b39d', score: 7 },\\n\" +\n  \"  { id: '6a43a94440ce6ee20682b39e', score: 7 },\\n\" +\n  \"  { id: '6a43a94440ce6ee20682b39f', score: 2 },\\n\" +\n  \"  { id: '6a43a94440ce6ee20682b395', score: 1 },\\n\" +\n  \"  { id: '6a43a94440ce6ee20682b39b', score: 1 },\\n\" +\n  \"  { id: '6a43a94440ce6ee20682b3a4', score: 1 },\\n\" +\n  \"  { id: '6a43a94440ce6ee20682b3a6', score: 1 }\\n\" +\n  ']\"","kind":"[ObjectId]","value":"[\n  { id: '6a43a94440ce6ee20682b39c', score: 7 },\n  { id: '6a43a94440ce6ee20682b39d', score: 7 },\n  { id: '6a43a94440ce6ee20682b39e', score: 7 },\n  { id: '6a43a94440ce6ee20682b39f', score: 2 },\n  { id: '6a43a94440ce6ee20682b395', score: 1 },\n  { id: '6a43a94440ce6ee20682b39b', score: 1 },\n  { id: '6a43a94440ce6ee20682b3a4', score: 1 },\n  { id: '6a43a94440ce6ee20682b3a6', score: 1 }\n]","path":"relatedPaintings.0","reason":{"stringValue":"\"{ id: '6a43a94440ce6ee20682b39c', score: 7 }\"","valueType":"Object","kind":"ObjectId","value":{"id":"6a43a94440ce6ee20682b39c","score":7},"path":"relatedPaintings","reason":{},"name":"CastError","message":"Cast to ObjectId failed for value \"{ id: '6a43a94440ce6ee20682b39c', score: 7 }\" (type Object) at path \"relatedPaintings\""},"valueType":"string"}
CastError: Cast to [ObjectId] failed for value "[\n' +
  "  { id: '6a43a94440ce6ee20682b39c', score: 7 },\n" +
  "  { id: '6a43a94440ce6ee20682b39d', score: 7 },\n" +
  "  { id: '6a43a94440ce6ee20682b39e', score: 7 },\n" +
  "  { id: '6a43a94440ce6ee20682b39f', score: 2 },\n" +
  "  { id: '6a43a94440ce6ee20682b395', score: 1 },\n" +
  "  { id: '6a43a94440ce6ee20682b39b', score: 1 },\n" +
  "  { id: '6a43a94440ce6ee20682b3a4', score: 1 },\n" +
  "  { id: '6a43a94440ce6ee20682b3a6', score: 1 }\n" +
  ']" (type string) at path "relatedPaintings.0" because of "CastError"
    at SchemaArray.cast (C:\Users\danie\Desktop\My Portfolio\Paintings-Project\Paintings-Project\backend\node_modules\mongoose\lib\schema\array.js:407:15)
    at SchemaType.applySetters (C:\Users\danie\Desktop\My Portfolio\Paintings-Project\Paintings-Project\backend\node_modules\mongoose\lib\schemaType.js:1373:12)
    at castUpdateVal (C:\Users\danie\Desktop\My Portfolio\Paintings-Project\Paintings-Project\backend\node_modules\mongoose\lib\helpers\query\castUpdate.js:637:21)
    at walkUpdatePath (C:\Users\danie\Desktop\My Portfolio\Paintings-Project\Paintings-Project\backend\node_modules\mongoose\lib\helpers\query\castUpdate.js:442:24)
    at castUpdate (C:\Users\danie\Desktop\My Portfolio\Paintings-Project\Paintings-Project\backend\node_modules\mongoose\lib\helpers\query\castUpdate.js:148:7)
    at model.Query._castUpdate (C:\Users\danie\Desktop\My Portfolio\Paintings-Project\Paintings-Project\backend\node_modules\mongoose\lib\query.js:5043:10)
    at model.Query._findOneAndUpdate (C:\Users\danie\Desktop\My Portfolio\Paintings-Project\Paintings-Project\backend\node_modules\mongoose\lib\query.js:3579:34)
    at maybeTracedQueryExec (C:\Users\danie\Desktop\My Portfolio\Paintings-Project\Paintings-Project\backend\node_modules\mongoose\lib\query.js:4801:83)
    at process.processTicksAndRejections (node:internal/process/task_queues:103:5)
    at async buildRelationships (C:\Users\danie\Desktop\My Portfolio\Paintings-Project\Paintings-Project\backend\scripts\buildRelationships.js:81:5)
[2026-06-30 15:29:10] INFO: Connected to MongoDB
[2026-06-30 15:29:10] INFO: Server running on http://localhost:5000
[2026-06-30 15:29:35] INFO: 🔗 Building relationships...
[2026-06-30 15:29:36] ERROR: Cast to [ObjectId] failed for value "[\n' +
  "  { id: new ObjectId('6a43b6aa962f3e851634e79c'), score: 11 },\n" +
  "  { id: new ObjectId('6a43b6aa962f3e851634e79d'), score: 11 },\n" +
  "  { id: new ObjectId('6a43b6aa962f3e851634e79e'), score: 11 },\n" +
  "  { id: new ObjectId('6a43b6aa962f3e851634e79f'), score: 6 },\n" +
  "  { id: new ObjectId('6a43b6aa962f3e851634e795'), score: 1 },\n" +
  "  { id: new ObjectId('6a43b6aa962f3e851634e79b'), score: 1 },\n" +
  "  { id: new ObjectId('6a43b6aa962f3e851634e7a4'), score: 1 },\n" +
  "  { id: new ObjectId('6a43b6aa962f3e851634e7a6'), score: 1 }\n" +
  ']" (type string) at path "relatedPaintings.0" because of "CastError" {"stringValue":"\"[\\n' +\n  \"  { id: new ObjectId('6a43b6aa962f3e851634e79c'), score: 11 },\\n\" +\n  \"  { id: new ObjectId('6a43b6aa962f3e851634e79d'), score: 11 },\\n\" +\n  \"  { id: new ObjectId('6a43b6aa962f3e851634e79e'), score: 11 },\\n\" +\n  \"  { id: new ObjectId('6a43b6aa962f3e851634e79f'), score: 6 },\\n\" +\n  \"  { id: new ObjectId('6a43b6aa962f3e851634e795'), score: 1 },\\n\" +\n  \"  { id: new ObjectId('6a43b6aa962f3e851634e79b'), score: 1 },\\n\" +\n  \"  { id: new ObjectId('6a43b6aa962f3e851634e7a4'), score: 1 },\\n\" +\n  \"  { id: new ObjectId('6a43b6aa962f3e851634e7a6'), score: 1 }\\n\" +\n  ']\"","kind":"[ObjectId]","value":"[\n  { id: new ObjectId('6a43b6aa962f3e851634e79c'), score: 11 },\n  { id: new ObjectId('6a43b6aa962f3e851634e79d'), score: 11 },\n  { id: new ObjectId('6a43b6aa962f3e851634e79e'), score: 11 },\n  { id: new ObjectId('6a43b6aa962f3e851634e79f'), score: 6 },\n  { id: new ObjectId('6a43b6aa962f3e851634e795'), score: 1 },\n  { id: new ObjectId('6a43b6aa962f3e851634e79b'), score: 1 },\n  { id: new ObjectId('6a43b6aa962f3e851634e7a4'), score: 1 },\n  { id: new ObjectId('6a43b6aa962f3e851634e7a6'), score: 1 }\n]","path":"relatedPaintings.0","reason":{"stringValue":"\"{ id: new ObjectId('6a43b6aa962f3e851634e79c'), score: 11 }\"","valueType":"Object","kind":"ObjectId","value":{"id":"6a43b6aa962f3e851634e79c","score":11},"path":"relatedPaintings","reason":{},"name":"CastError","message":"Cast to ObjectId failed for value \"{ id: new ObjectId('6a43b6aa962f3e851634e79c'), score: 11 }\" (type Object) at path \"relatedPaintings\""},"valueType":"string"}
CastError: Cast to [ObjectId] failed for value "[\n' +
  "  { id: new ObjectId('6a43b6aa962f3e851634e79c'), score: 11 },\n" +
  "  { id: new ObjectId('6a43b6aa962f3e851634e79d'), score: 11 },\n" +
  "  { id: new ObjectId('6a43b6aa962f3e851634e79e'), score: 11 },\n" +
  "  { id: new ObjectId('6a43b6aa962f3e851634e79f'), score: 6 },\n" +
  "  { id: new ObjectId('6a43b6aa962f3e851634e795'), score: 1 },\n" +
  "  { id: new ObjectId('6a43b6aa962f3e851634e79b'), score: 1 },\n" +
  "  { id: new ObjectId('6a43b6aa962f3e851634e7a4'), score: 1 },\n" +
  "  { id: new ObjectId('6a43b6aa962f3e851634e7a6'), score: 1 }\n" +
  ']" (type string) at path "relatedPaintings.0" because of "CastError"
    at SchemaArray.cast (C:\Users\danie\Desktop\My Portfolio\Paintings-Project\Paintings-Project\backend\node_modules\mongoose\lib\schema\array.js:407:15)
    at SchemaType.applySetters (C:\Users\danie\Desktop\My Portfolio\Paintings-Project\Paintings-Project\backend\node_modules\mongoose\lib\schemaType.js:1373:12)
    at castUpdateVal (C:\Users\danie\Desktop\My Portfolio\Paintings-Project\Paintings-Project\backend\node_modules\mongoose\lib\helpers\query\castUpdate.js:637:21)
    at walkUpdatePath (C:\Users\danie\Desktop\My Portfolio\Paintings-Project\Paintings-Project\backend\node_modules\mongoose\lib\helpers\query\castUpdate.js:442:24)
    at castUpdate (C:\Users\danie\Desktop\My Portfolio\Paintings-Project\Paintings-Project\backend\node_modules\mongoose\lib\helpers\query\castUpdate.js:148:7)
    at model.Query._castUpdate (C:\Users\danie\Desktop\My Portfolio\Paintings-Project\Paintings-Project\backend\node_modules\mongoose\lib\query.js:5043:10)
    at model.Query._findOneAndUpdate (C:\Users\danie\Desktop\My Portfolio\Paintings-Project\Paintings-Project\backend\node_modules\mongoose\lib\query.js:3579:34)
    at maybeTracedQueryExec (C:\Users\danie\Desktop\My Portfolio\Paintings-Project\Paintings-Project\backend\node_modules\mongoose\lib\query.js:4801:83)
    at process.processTicksAndRejections (node:internal/process/task_queues:103:5)
    at async buildRelationships (C:\Users\danie\Desktop\My Portfolio\Paintings-Project\Paintings-Project\backend\scripts\buildRelationships.js:81:5)
[2026-06-30 15:30:24] INFO: 🔗 Building relationships...
[2026-06-30 15:30:25] INFO: Updated: The Death of Socrates
[2026-06-30 15:30:25] INFO: Updated: Reply of the Zaporozhian Cossacks
[2026-06-30 15:30:25] INFO: Updated: Water from the Rock
[2026-06-30 15:30:25] INFO: Updated: The Bard
[2026-06-30 15:30:25] INFO: Updated: The Chess Players
[2026-06-30 15:30:25] INFO: Updated: Daniel in the Lion's Den
[2026-06-30 15:30:25] INFO: Updated: The Knight in the Enchanted Garden
[2026-06-30 15:30:25] INFO: Updated: The Knight of the White Cross
[2026-06-30 15:30:25] INFO: Updated: The Oath of the Horatii
[2026-06-30 15:30:25] INFO: Updated: The Coronation of Napoleon
[2026-06-30 15:30:25] INFO: Updated: The Death of Marat
[2026-06-30 15:30:25] INFO: Updated: The Apotheosis of Homer
[2026-06-30 15:30:25] INFO: Updated: Liberty Leading the People
[2026-06-30 15:30:25] INFO: Updated: The Raft of the Medusa
[2026-06-30 15:30:25] INFO: Updated: Wanderer above the Sea of Fog
[2026-06-30 15:30:25] INFO: Updated: The Nightmare
[2026-06-30 15:30:25] INFO: Updated: Ophelia
[2026-06-30 15:30:25] INFO: Updated: The Isle of the Dead
[2026-06-30 15:30:25] INFO: Updated: The Sleep of Reason Produces Monsters
[2026-06-30 15:30:25] INFO: Updated: The Kiss
[2026-06-30 15:30:26] INFO: Updated: The Return of the Prodigal Son
[2026-06-30 15:30:26] INFO: Updated: The Last Supper
[2026-06-30 15:30:26] INFO: Updated: The Creation of Adam
[2026-06-30 15:30:26] INFO: Updated: Ivan the Terrible and His Son Ivan
[2026-06-30 15:30:26] INFO: ✅ Done building relationships
[2026-06-30 15:30:29] INFO: 📊 Exporting graph...
[2026-06-30 15:30:30] INFO: ✅ graph.json exported
[2026-06-30 15:30:33] INFO: GET /graph.json [32m200[39m 7ms {"meta":{}}
[2026-06-30 15:30:33] INFO: GET /graph.json [36m304[39m 1ms {"meta":{}}
[2026-06-30 15:37:16] INFO: Fetching all paintings
[2026-06-30 15:37:16] INFO: Paintings fetched successfully {"count":24}
[2026-06-30 15:37:16] INFO: GET /api/paintings [32m200[39m 136ms {"meta":{}}
[2026-06-30 15:37:16] INFO: Fetching all paintings
[2026-06-30 15:37:16] INFO: Paintings fetched successfully {"count":24}
[2026-06-30 15:37:16] INFO: GET /api/paintings [36m304[39m 59ms {"meta":{}}
[2026-06-30 15:37:26] INFO: Fetching all paintings
[2026-06-30 15:37:27] INFO: Paintings fetched successfully {"count":24}
[2026-06-30 15:37:27] INFO: GET /api/paintings [36m304[39m 114ms {"meta":{}}
[2026-06-30 15:37:27] INFO: Fetching all paintings
[2026-06-30 15:37:27] INFO: Paintings fetched successfully {"count":24}
[2026-06-30 15:37:27] INFO: GET /api/paintings [36m304[39m 61ms {"meta":{}}
[2026-06-30 15:37:36] INFO: Fetching painting {"paintingId":"6a43b6dde14eb9283bfbe01b"}
[2026-06-30 15:37:36] INFO: Painting fetched successfully {"paintingId":"6a43b6dde14eb9283bfbe01b","title":"The Return of the Prodigal Son","relatedCount":0}
[2026-06-30 15:37:36] INFO: GET /api/paintings/6a43b6dde14eb9283bfbe01b [32m200[39m 105ms {"meta":{}}
[2026-06-30 15:37:36] INFO: Fetching painting {"paintingId":"6a43b6dde14eb9283bfbe01b"}
[2026-06-30 15:37:36] INFO: Painting fetched successfully {"paintingId":"6a43b6dde14eb9283bfbe01b","title":"The Return of the Prodigal Son","relatedCount":0}
[2026-06-30 15:37:36] INFO: GET /api/paintings/6a43b6dde14eb9283bfbe01b [36m304[39m 79ms {"meta":{}}
[2026-06-30 15:37:39] INFO: Fetching all paintings
[2026-06-30 15:37:39] INFO: Paintings fetched successfully {"count":24}
[2026-06-30 15:37:39] INFO: GET /api/paintings [36m304[39m 110ms {"meta":{}}
[2026-06-30 15:37:39] INFO: Fetching all paintings
[2026-06-30 15:37:40] INFO: Paintings fetched successfully {"count":24}
[2026-06-30 15:37:40] INFO: GET /api/paintings [36m304[39m 49ms {"meta":{}}
[2026-06-30 15:37:42] INFO: Fetching painting {"paintingId":"6a43b6dde14eb9283bfbe008"}
[2026-06-30 15:37:42] INFO: Painting fetched successfully {"paintingId":"6a43b6dde14eb9283bfbe008","title":"Reply of the Zaporozhian Cossacks","relatedCount":0}
[2026-06-30 15:37:42] INFO: GET /api/paintings/6a43b6dde14eb9283bfbe008 [32m200[39m 81ms {"meta":{}}
[2026-06-30 15:37:42] INFO: Fetching painting {"paintingId":"6a43b6dde14eb9283bfbe008"}
[2026-06-30 15:37:42] INFO: Painting fetched successfully {"paintingId":"6a43b6dde14eb9283bfbe008","title":"Reply of the Zaporozhian Cossacks","relatedCount":0}
[2026-06-30 15:37:42] INFO: GET /api/paintings/6a43b6dde14eb9283bfbe008 [36m304[39m 83ms {"meta":{}}
[2026-06-30 15:37:48] INFO: Fetching all paintings
[2026-06-30 15:37:48] INFO: Paintings fetched successfully {"count":24}
[2026-06-30 15:37:48] INFO: GET /api/paintings [36m304[39m 99ms {"meta":{}}
[2026-06-30 15:37:48] INFO: Fetching all paintings
[2026-06-30 15:37:48] INFO: Paintings fetched successfully {"count":24}
[2026-06-30 15:37:48] INFO: GET /api/paintings [36m304[39m 48ms {"meta":{}}
[2026-07-01 15:57:02] INFO: Connected to MongoDB
[2026-07-01 15:57:02] INFO: Server running on http://localhost:5000
[2026-07-01 15:57:05] INFO: Fetching all paintings
[2026-07-01 15:57:05] INFO: Paintings fetched successfully {"count":24}
[2026-07-01 15:57:05] INFO: GET /api/paintings [32m200[39m 155ms {"meta":{}}
[2026-07-01 15:57:05] INFO: Fetching all paintings
[2026-07-01 15:57:05] INFO: Paintings fetched successfully {"count":24}
[2026-07-01 15:57:05] INFO: GET /api/paintings [36m304[39m 36ms {"meta":{}}
[2026-07-01 15:59:34] INFO: Fetching all paintings
[2026-07-01 15:59:34] INFO: Paintings fetched successfully {"count":24}
[2026-07-01 15:59:34] INFO: GET /api/paintings [36m304[39m 118ms {"meta":{}}
[2026-07-01 15:59:34] INFO: Fetching all paintings
[2026-07-01 15:59:34] INFO: Paintings fetched successfully {"count":24}
[2026-07-01 15:59:34] INFO: GET /api/paintings [36m304[39m 44ms {"meta":{}}
[2026-07-01 15:59:34] INFO: Fetching all paintings
[2026-07-01 15:59:34] INFO: Paintings fetched successfully {"count":24}
[2026-07-01 15:59:34] INFO: GET /api/paintings [36m304[39m 81ms {"meta":{}}
[2026-07-01 15:59:34] INFO: Fetching all paintings
[2026-07-01 15:59:34] INFO: Paintings fetched successfully {"count":24}
[2026-07-01 15:59:34] INFO: GET /api/paintings [36m304[39m 45ms {"meta":{}}
[2026-07-01 15:59:39] INFO: GET /graph.json [36m304[39m 1ms {"meta":{}}
[2026-07-01 15:59:39] INFO: GET /graph.json [36m304[39m 1ms {"meta":{}}
[2026-07-01 15:59:44] INFO: Fetching all paintings
[2026-07-01 15:59:44] INFO: Paintings fetched successfully {"count":24}
[2026-07-01 15:59:44] INFO: GET /api/paintings [36m304[39m 101ms {"meta":{}}
[2026-07-01 15:59:44] INFO: Fetching all paintings
[2026-07-01 15:59:44] INFO: Paintings fetched successfully {"count":24}
[2026-07-01 15:59:44] INFO: GET /api/paintings [36m304[39m 55ms {"meta":{}}
[2026-07-01 15:59:44] INFO: Fetching all paintings
[2026-07-01 15:59:44] INFO: Paintings fetched successfully {"count":24}
[2026-07-01 15:59:44] INFO: GET /api/paintings [36m304[39m 43ms {"meta":{}}
[2026-07-01 15:59:44] INFO: Fetching all paintings
[2026-07-01 15:59:45] INFO: Paintings fetched successfully {"count":24}
[2026-07-01 15:59:45] INFO: GET /api/paintings [36m304[39m 39ms {"meta":{}}
[2026-07-01 15:59:48] INFO: GET /graph.json [36m304[39m 0ms {"meta":{}}
[2026-07-01 15:59:48] INFO: GET /graph.json [36m304[39m 2ms {"meta":{}}
[2026-07-01 15:59:58] INFO: Fetching all paintings
[2026-07-01 15:59:58] INFO: Paintings fetched successfully {"count":24}
[2026-07-01 15:59:58] INFO: GET /api/paintings [36m304[39m 65ms {"meta":{}}
[2026-07-01 15:59:58] INFO: Fetching all paintings
[2026-07-01 15:59:59] INFO: Paintings fetched successfully {"count":24}
[2026-07-01 15:59:59] INFO: GET /api/paintings [36m304[39m 43ms {"meta":{}}
[2026-07-01 16:01:32] INFO: Fetching all paintings
[2026-07-01 16:01:32] INFO: Paintings fetched successfully {"count":24}
[2026-07-01 16:01:32] INFO: GET /api/paintings [36m304[39m 69ms {"meta":{}}
[2026-07-01 16:01:33] INFO: Fetching all paintings
[2026-07-01 16:01:33] INFO: Paintings fetched successfully {"count":24}
[2026-07-01 16:01:33] INFO: GET /api/paintings [36m304[39m 51ms {"meta":{}}
[2026-07-01 16:01:34] INFO: GET /graph.json [36m304[39m 0ms {"meta":{}}
[2026-07-01 16:01:34] INFO: GET /graph.json [36m304[39m 1ms {"meta":{}}
[2026-07-01 16:01:37] INFO: Fetching all paintings
[2026-07-01 16:01:37] INFO: Paintings fetched successfully {"count":24}
[2026-07-01 16:01:37] INFO: GET /api/paintings [36m304[39m 81ms {"meta":{}}
[2026-07-01 16:01:37] INFO: Fetching all paintings
[2026-07-01 16:01:37] INFO: Paintings fetched successfully {"count":24}
[2026-07-01 16:01:37] INFO: GET /api/paintings [36m304[39m 56ms {"meta":{}}
[2026-07-01 16:02:14] INFO: GET /graph.json [36m304[39m 1ms {"meta":{}}
[2026-07-01 16:02:14] INFO: GET /graph.json [36m304[39m 1ms {"meta":{}}
[2026-07-01 16:02:19] INFO: Fetching all paintings
[2026-07-01 16:02:19] INFO: Paintings fetched successfully {"count":24}
[2026-07-01 16:02:19] INFO: GET /api/paintings [36m304[39m 77ms {"meta":{}}
[2026-07-01 16:02:19] INFO: Fetching all paintings
[2026-07-01 16:02:19] INFO: Paintings fetched successfully {"count":24}
[2026-07-01 16:02:19] INFO: GET /api/paintings [36m304[39m 51ms {"meta":{}}
[2026-07-01 16:02:22] INFO: Fetching all paintings
[2026-07-01 16:02:22] INFO: Paintings fetched successfully {"count":24}
[2026-07-01 16:02:22] INFO: GET /api/paintings [36m304[39m 75ms {"meta":{}}
[2026-07-01 16:02:22] INFO: Fetching all paintings
[2026-07-01 16:02:22] INFO: Paintings fetched successfully {"count":24}
[2026-07-01 16:02:22] INFO: GET /api/paintings [36m304[39m 36ms {"meta":{}}
[2026-07-01 16:02:25] INFO: Fetching all paintings
[2026-07-01 16:02:25] INFO: Paintings fetched successfully {"count":24}
[2026-07-01 16:02:25] INFO: GET /api/paintings [36m304[39m 74ms {"meta":{}}
[2026-07-01 16:02:25] INFO: Fetching all paintings
[2026-07-01 16:02:25] INFO: Paintings fetched successfully {"count":24}
[2026-07-01 16:02:25] INFO: GET /api/paintings [36m304[39m 40ms {"meta":{}}
[2026-07-01 16:02:28] INFO: Fetching all paintings
[2026-07-01 16:02:28] INFO: Paintings fetched successfully {"count":24}
[2026-07-01 16:02:28] INFO: GET /api/paintings [36m304[39m 74ms {"meta":{}}
[2026-07-01 16:02:28] INFO: Fetching all paintings
[2026-07-01 16:02:28] INFO: Paintings fetched successfully {"count":24}
[2026-07-01 16:02:28] INFO: GET /api/paintings [36m304[39m 33ms {"meta":{}}
[2026-07-01 16:02:40] INFO: Fetching all paintings
[2026-07-01 16:02:40] INFO: Paintings fetched successfully {"count":24}
[2026-07-01 16:02:41] INFO: GET /api/paintings [36m304[39m 83ms {"meta":{}}
[2026-07-01 16:02:41] INFO: Fetching all paintings
[2026-07-01 16:02:41] INFO: Paintings fetched successfully {"count":24}
[2026-07-01 16:02:41] INFO: GET /api/paintings [36m304[39m 43ms {"meta":{}}
[2026-07-01 16:10:37] INFO: Fetching all paintings
[2026-07-01 16:10:37] INFO: Paintings fetched successfully {"count":24}
[2026-07-01 16:10:37] INFO: GET /api/paintings [36m304[39m 98ms {"meta":{}}
[2026-07-01 16:10:37] INFO: Fetching all paintings
[2026-07-01 16:10:37] INFO: Paintings fetched successfully {"count":24}
[2026-07-01 16:10:37] INFO: GET /api/paintings [36m304[39m 45ms {"meta":{}}
[2026-07-01 16:10:38] INFO: GET /graph.json [36m304[39m 0ms {"meta":{}}
[2026-07-01 16:10:38] INFO: GET /graph.json [36m304[39m 0ms {"meta":{}}
[2026-07-01 16:11:08] INFO: Fetching all paintings
[2026-07-01 16:11:08] INFO: Paintings fetched successfully {"count":24}
[2026-07-01 16:11:08] INFO: GET /api/paintings [36m304[39m 77ms {"meta":{}}
[2026-07-01 16:11:08] INFO: Fetching all paintings
[2026-07-01 16:11:08] INFO: Paintings fetched successfully {"count":24}
[2026-07-01 16:11:08] INFO: GET /api/paintings [36m304[39m 36ms {"meta":{}}
[2026-07-01 16:11:14] INFO: GET /graph.json [36m304[39m 0ms {"meta":{}}
[2026-07-01 16:11:14] INFO: GET /graph.json [36m304[39m 0ms {"meta":{}}
[2026-07-01 16:12:41] INFO: GET /graph.json [36m304[39m 0ms {"meta":{}}
[2026-07-01 16:12:41] INFO: GET /graph.json [36m304[39m 0ms {"meta":{}}
[2026-07-01 16:12:42] INFO: GET /graph.json [36m304[39m 1ms {"meta":{}}
[2026-07-01 16:12:45] INFO: GET /graph.json [36m304[39m 0ms {"meta":{}}
[2026-07-01 16:12:45] INFO: GET /graph.json [36m304[39m 0ms {"meta":{}}
[2026-07-01 16:12:47] INFO: Fetching all paintings
[2026-07-01 16:12:47] INFO: Paintings fetched successfully {"count":24}
[2026-07-01 16:12:47] INFO: GET /api/paintings [36m304[39m 73ms {"meta":{}}
[2026-07-01 16:12:47] INFO: Fetching all paintings
[2026-07-01 16:12:47] INFO: Paintings fetched successfully {"count":24}
[2026-07-01 16:12:47] INFO: GET /api/paintings [36m304[39m 41ms {"meta":{}}
[2026-07-01 16:12:53] INFO: GET /graph.json [36m304[39m 1ms {"meta":{}}
[2026-07-01 16:12:53] INFO: GET /graph.json [36m304[39m 1ms {"meta":{}}
[2026-07-01 16:13:12] INFO: Fetching all paintings
[2026-07-01 16:13:12] INFO: Paintings fetched successfully {"count":24}
[2026-07-01 16:13:12] INFO: GET /api/paintings [36m304[39m 91ms {"meta":{}}
[2026-07-01 16:13:12] INFO: Fetching all paintings
[2026-07-01 16:13:12] INFO: Paintings fetched successfully {"count":24}
[2026-07-01 16:13:12] INFO: GET /api/paintings [36m304[39m 46ms {"meta":{}}
[2026-07-01 16:13:58] INFO: Fetching all paintings
[2026-07-01 16:13:58] INFO: Paintings fetched successfully {"count":24}
[2026-07-01 16:13:58] INFO: GET /api/paintings [36m304[39m 79ms {"meta":{}}
[2026-07-01 16:13:58] INFO: Fetching all paintings
[2026-07-01 16:13:58] INFO: Paintings fetched successfully {"count":24}
[2026-07-01 16:13:58] INFO: GET /api/paintings [36m304[39m 43ms {"meta":{}}
[2026-07-01 16:14:00] INFO: GET /graph.json [36m304[39m 0ms {"meta":{}}
[2026-07-01 16:14:00] INFO: GET /graph.json [36m304[39m 1ms {"meta":{}}
[2026-07-01 16:14:42] INFO: GET /graph.json [36m304[39m 0ms {"meta":{}}
[2026-07-01 16:14:42] INFO: GET /graph.json [36m304[39m 0ms {"meta":{}}
[2026-07-01 16:14:43] INFO: Fetching all paintings
[2026-07-01 16:14:43] INFO: Paintings fetched successfully {"count":24}
[2026-07-01 16:14:43] INFO: GET /api/paintings [36m304[39m 71ms {"meta":{}}
[2026-07-01 16:14:43] INFO: Fetching all paintings
[2026-07-01 16:14:44] INFO: Paintings fetched successfully {"count":24}
[2026-07-01 16:14:44] INFO: GET /api/paintings [36m304[39m 45ms {"meta":{}}
[2026-07-01 16:16:07] INFO: Fetching all paintings
[2026-07-01 16:16:07] INFO: Paintings fetched successfully {"count":24}
[2026-07-01 16:16:07] INFO: GET /api/paintings [36m304[39m 63ms {"meta":{}}
[2026-07-01 16:16:07] INFO: Fetching all paintings
[2026-07-01 16:16:07] INFO: Paintings fetched successfully {"count":24}
[2026-07-01 16:16:07] INFO: GET /api/paintings [36m304[39m 36ms {"meta":{}}
[2026-07-01 16:16:08] INFO: GET /graph.json [36m304[39m 0ms {"meta":{}}
[2026-07-01 16:16:08] INFO: GET /graph.json [36m304[39m 0ms {"meta":{}}
[2026-07-01 16:16:22] INFO: Fetching all paintings
[2026-07-01 16:16:22] INFO: Paintings fetched successfully {"count":24}
[2026-07-01 16:16:22] INFO: GET /api/paintings [36m304[39m 75ms {"meta":{}}
[2026-07-01 16:16:22] INFO: Fetching all paintings
[2026-07-01 16:16:22] INFO: Paintings fetched successfully {"count":24}
[2026-07-01 16:16:22] INFO: GET /api/paintings [36m304[39m 39ms {"meta":{}}
[2026-07-01 16:16:27] INFO: GET /graph.json [36m304[39m 0ms {"meta":{}}
[2026-07-01 16:16:27] INFO: GET /graph.json [36m304[39m 0ms {"meta":{}}
[2026-07-01 16:16:38] INFO: Fetching all paintings
[2026-07-01 16:16:38] INFO: Paintings fetched successfully {"count":24}
[2026-07-01 16:16:38] INFO: GET /api/paintings [36m304[39m 79ms {"meta":{}}
[2026-07-01 16:16:38] INFO: Fetching all paintings
[2026-07-01 16:16:38] INFO: Paintings fetched successfully {"count":24}
[2026-07-01 16:16:38] INFO: GET /api/paintings [36m304[39m 39ms {"meta":{}}
[2026-07-01 16:17:39] INFO: Fetching all paintings
[2026-07-01 16:17:39] INFO: Paintings fetched successfully {"count":24}
[2026-07-01 16:17:39] INFO: GET /api/paintings [36m304[39m 67ms {"meta":{}}
[2026-07-01 16:17:39] INFO: Fetching all paintings
[2026-07-01 16:17:40] INFO: Paintings fetched successfully {"count":24}
[2026-07-01 16:17:40] INFO: GET /api/paintings [36m304[39m 49ms {"meta":{}}
[2026-07-01 16:17:41] INFO: GET /graph.json [36m304[39m 0ms {"meta":{}}
[2026-07-01 16:17:41] INFO: GET /graph.json [36m304[39m 0ms {"meta":{}}
[2026-07-01 16:17:44] INFO: Fetching all paintings
[2026-07-01 16:17:45] INFO: Paintings fetched successfully {"count":24}
[2026-07-01 16:17:45] INFO: GET /api/paintings [36m304[39m 99ms {"meta":{}}
[2026-07-01 16:17:45] INFO: Fetching all paintings
[2026-07-01 16:17:45] INFO: Paintings fetched successfully {"count":24}
[2026-07-01 16:17:45] INFO: GET /api/paintings [36m304[39m 46ms {"meta":{}}
[2026-07-01 16:17:46] INFO: GET /graph.json [36m304[39m 1ms {"meta":{}}
[2026-07-01 16:17:46] INFO: GET /graph.json [36m304[39m 0ms {"meta":{}}
[2026-07-01 16:18:26] INFO: Fetching all paintings
[2026-07-01 16:18:26] INFO: Paintings fetched successfully {"count":24}
[2026-07-01 16:18:26] INFO: GET /api/paintings [36m304[39m 69ms {"meta":{}}
[2026-07-01 16:18:26] INFO: Fetching all paintings
[2026-07-01 16:18:26] INFO: Paintings fetched successfully {"count":24}
[2026-07-01 16:18:26] INFO: GET /api/paintings [36m304[39m 46ms {"meta":{}}
[2026-07-01 16:18:31] INFO: GET /graph.json [36m304[39m 1ms {"meta":{}}
[2026-07-01 16:18:31] INFO: GET /graph.json [36m304[39m 0ms {"meta":{}}
[2026-07-01 16:21:10] INFO: Fetching all paintings
[2026-07-01 16:21:10] INFO: Paintings fetched successfully {"count":24}
[2026-07-01 16:21:10] INFO: GET /api/paintings [36m304[39m 73ms {"meta":{}}
[2026-07-01 16:21:10] INFO: Fetching all paintings
[2026-07-01 16:21:10] INFO: Paintings fetched successfully {"count":24}
[2026-07-01 16:21:10] INFO: GET /api/paintings [36m304[39m 40ms {"meta":{}}
[2026-07-01 16:21:10] INFO: Fetching all paintings
[2026-07-01 16:21:11] INFO: Paintings fetched successfully {"count":24}
[2026-07-01 16:21:11] INFO: GET /api/paintings [36m304[39m 81ms {"meta":{}}
[2026-07-01 16:21:11] INFO: Fetching all paintings
[2026-07-01 16:21:11] INFO: Paintings fetched successfully {"count":24}
[2026-07-01 16:21:11] INFO: GET /api/paintings [36m304[39m 48ms {"meta":{}}
[2026-07-01 16:23:34] INFO: Fetching all paintings
[2026-07-01 16:23:35] INFO: Paintings fetched successfully {"count":24}
[2026-07-01 16:23:35] INFO: GET /api/paintings [36m304[39m 88ms {"meta":{}}
[2026-07-01 16:23:35] INFO: Fetching all paintings
[2026-07-01 16:23:35] INFO: Paintings fetched successfully {"count":24}
[2026-07-01 16:23:35] INFO: GET /api/paintings [36m304[39m 35ms {"meta":{}}
[2026-07-01 16:23:39] INFO: Fetching painting {"paintingId":"6a43b6dde14eb9283bfbe007"}
[2026-07-01 16:23:39] INFO: Painting fetched successfully {"paintingId":"6a43b6dde14eb9283bfbe007","title":"The Death of Socrates","relatedCount":8}
[2026-07-01 16:23:39] INFO: GET /api/paintings/6a43b6dde14eb9283bfbe007 [32m200[39m 39ms {"meta":{}}
[2026-07-01 16:23:39] INFO: Fetching painting {"paintingId":"6a43b6dde14eb9283bfbe007"}
[2026-07-01 16:23:39] INFO: Painting fetched successfully {"paintingId":"6a43b6dde14eb9283bfbe007","title":"The Death of Socrates","relatedCount":8}
[2026-07-01 16:23:39] INFO: GET /api/paintings/6a43b6dde14eb9283bfbe007 [36m304[39m 35ms {"meta":{}}
[2026-07-01 16:23:41] INFO: Fetching all paintings
[2026-07-01 16:23:41] INFO: Paintings fetched successfully {"count":24}
[2026-07-01 16:23:41] INFO: GET /api/paintings [36m304[39m 74ms {"meta":{}}
[2026-07-01 16:23:41] INFO: Fetching all paintings
[2026-07-01 16:23:41] INFO: Paintings fetched successfully {"count":24}
[2026-07-01 16:23:41] INFO: GET /api/paintings [36m304[39m 44ms {"meta":{}}
[2026-07-01 16:23:43] INFO: Fetching painting {"paintingId":"6a43b6dde14eb9283bfbe009"}
[2026-07-01 16:23:43] INFO: Painting fetched successfully {"paintingId":"6a43b6dde14eb9283bfbe009","title":"Water from the Rock","relatedCount":3}
[2026-07-01 16:23:43] INFO: GET /api/paintings/6a43b6dde14eb9283bfbe009 [32m200[39m 33ms {"meta":{}}
[2026-07-01 16:23:43] INFO: Fetching painting {"paintingId":"6a43b6dde14eb9283bfbe009"}
[2026-07-01 16:23:43] INFO: Painting fetched successfully {"paintingId":"6a43b6dde14eb9283bfbe009","title":"Water from the Rock","relatedCount":3}
[2026-07-01 16:23:43] INFO: GET /api/paintings/6a43b6dde14eb9283bfbe009 [36m304[39m 31ms {"meta":{}}
[2026-07-01 16:23:46] INFO: Fetching all paintings
[2026-07-01 16:23:46] INFO: Paintings fetched successfully {"count":24}
[2026-07-01 16:23:46] INFO: GET /api/paintings [36m304[39m 74ms {"meta":{}}
[2026-07-01 16:23:46] INFO: Fetching all paintings
[2026-07-01 16:23:46] INFO: Paintings fetched successfully {"count":24}
[2026-07-01 16:23:46] INFO: GET /api/paintings [36m304[39m 47ms {"meta":{}}
[2026-07-01 16:23:47] INFO: Fetching painting {"paintingId":"6a43b6dde14eb9283bfbe009"}
[2026-07-01 16:23:47] INFO: Painting fetched successfully {"paintingId":"6a43b6dde14eb9283bfbe009","title":"Water from the Rock","relatedCount":3}
[2026-07-01 16:23:47] INFO: GET /api/paintings/6a43b6dde14eb9283bfbe009 [36m304[39m 32ms {"meta":{}}
[2026-07-01 16:23:47] INFO: Fetching painting {"paintingId":"6a43b6dde14eb9283bfbe009"}
[2026-07-01 16:23:47] INFO: Painting fetched successfully {"paintingId":"6a43b6dde14eb9283bfbe009","title":"Water from the Rock","relatedCount":3}
[2026-07-01 16:23:47] INFO: GET /api/paintings/6a43b6dde14eb9283bfbe009 [36m304[39m 41ms {"meta":{}}
[2026-07-01 16:23:50] INFO: Fetching painting {"paintingId":"6a43b6e1fe824ed132e3b756"}
[2026-07-01 16:23:50] WARN: Painting not found {"paintingId":"6a43b6e1fe824ed132e3b756"}
[2026-07-01 16:23:50] INFO: GET /api/paintings/6a43b6e1fe824ed132e3b756 [33m404[39m 32ms {"meta":{}}
[2026-07-01 16:23:50] INFO: Fetching painting {"paintingId":"6a43b6e1fe824ed132e3b756"}
[2026-07-01 16:23:50] WARN: Painting not found {"paintingId":"6a43b6e1fe824ed132e3b756"}
[2026-07-01 16:23:50] INFO: GET /api/paintings/6a43b6e1fe824ed132e3b756 [33m404[39m 33ms {"meta":{}}
[2026-07-01 16:23:59] INFO: Fetching painting {"paintingId":"6a43b6dde14eb9283bfbe009"}
[2026-07-01 16:23:59] INFO: Painting fetched successfully {"paintingId":"6a43b6dde14eb9283bfbe009","title":"Water from the Rock","relatedCount":3}
[2026-07-01 16:23:59] INFO: GET /api/paintings/6a43b6dde14eb9283bfbe009 [36m304[39m 46ms {"meta":{}}
[2026-07-01 16:23:59] INFO: Fetching painting {"paintingId":"6a43b6dde14eb9283bfbe009"}
[2026-07-01 16:23:59] INFO: Painting fetched successfully {"paintingId":"6a43b6dde14eb9283bfbe009","title":"Water from the Rock","relatedCount":3}
[2026-07-01 16:23:59] INFO: GET /api/paintings/6a43b6dde14eb9283bfbe009 [36m304[39m 35ms {"meta":{}}
[2026-07-01 16:24:08] INFO: Fetching painting {"paintingId":"6a43b6dde14eb9283bfbe009"}
[2026-07-01 16:24:08] INFO: Painting fetched successfully {"paintingId":"6a43b6dde14eb9283bfbe009","title":"Water from the Rock","relatedCount":3}
[2026-07-01 16:24:08] INFO: GET /api/paintings/6a43b6dde14eb9283bfbe009 [36m304[39m 32ms {"meta":{}}
[2026-07-01 16:25:53] INFO: Fetching painting {"paintingId":"6a43b6dde14eb9283bfbe009"}
[2026-07-01 16:25:53] INFO: Painting fetched successfully {"paintingId":"6a43b6dde14eb9283bfbe009","title":"Water from the Rock","relatedCount":3}
[2026-07-01 16:25:53] INFO: GET /api/paintings/6a43b6dde14eb9283bfbe009 [36m304[39m 36ms {"meta":{}}
[2026-07-01 16:25:55] INFO: Fetching painting {"paintingId":"6a43b6dde14eb9283bfbe009"}
[2026-07-01 16:25:55] INFO: Painting fetched successfully {"paintingId":"6a43b6dde14eb9283bfbe009","title":"Water from the Rock","relatedCount":3}
[2026-07-01 16:25:55] INFO: GET /api/paintings/6a43b6dde14eb9283bfbe009 [36m304[39m 36ms {"meta":{}}
[2026-07-01 16:25:55] INFO: Fetching painting {"paintingId":"6a43b6dde14eb9283bfbe009"}
[2026-07-01 16:25:55] INFO: Painting fetched successfully {"paintingId":"6a43b6dde14eb9283bfbe009","title":"Water from the Rock","relatedCount":3}
[2026-07-01 16:25:55] INFO: GET /api/paintings/6a43b6dde14eb9283bfbe009 [36m304[39m 35ms {"meta":{}}
[2026-07-01 16:25:58] INFO: Fetching all paintings
[2026-07-01 16:25:58] INFO: Paintings fetched successfully {"count":24}
[2026-07-01 16:25:58] INFO: GET /api/paintings [36m304[39m 85ms {"meta":{}}
[2026-07-01 16:25:58] INFO: Fetching all paintings
[2026-07-01 16:25:58] INFO: Paintings fetched successfully {"count":24}
[2026-07-01 16:25:58] INFO: GET /api/paintings [36m304[39m 48ms {"meta":{}}
[2026-07-01 16:25:59] INFO: Fetching painting {"paintingId":"6a43b6dde14eb9283bfbe00a"}
[2026-07-01 16:25:59] INFO: Painting fetched successfully {"paintingId":"6a43b6dde14eb9283bfbe00a","title":"The Bard","relatedCount":5}
[2026-07-01 16:25:59] INFO: GET /api/paintings/6a43b6dde14eb9283bfbe00a [32m200[39m 31ms {"meta":{}}
[2026-07-01 16:25:59] INFO: Fetching painting {"paintingId":"6a43b6dde14eb9283bfbe00a"}
[2026-07-01 16:25:59] INFO: Painting fetched successfully {"paintingId":"6a43b6dde14eb9283bfbe00a","title":"The Bard","relatedCount":5}
[2026-07-01 16:25:59] INFO: GET /api/paintings/6a43b6dde14eb9283bfbe00a [36m304[39m 30ms {"meta":{}}
[2026-07-01 16:26:02] INFO: Fetching all paintings
[2026-07-01 16:26:02] INFO: Paintings fetched successfully {"count":24}
[2026-07-01 16:26:02] INFO: GET /api/paintings [36m304[39m 79ms {"meta":{}}
[2026-07-01 16:26:02] INFO: Fetching all paintings
[2026-07-01 16:26:02] INFO: Paintings fetched successfully {"count":24}
[2026-07-01 16:26:02] INFO: GET /api/paintings [36m304[39m 44ms {"meta":{}}
[2026-07-01 16:26:03] INFO: Fetching painting {"paintingId":"6a43b6dde14eb9283bfbe008"}
[2026-07-01 16:26:04] INFO: Painting fetched successfully {"paintingId":"6a43b6dde14eb9283bfbe008","title":"Reply of the Zaporozhian Cossacks","relatedCount":3}
[2026-07-01 16:26:04] INFO: GET /api/paintings/6a43b6dde14eb9283bfbe008 [32m200[39m 32ms {"meta":{}}
[2026-07-01 16:26:04] INFO: Fetching painting {"paintingId":"6a43b6dde14eb9283bfbe008"}
[2026-07-01 16:26:04] INFO: Painting fetched successfully {"paintingId":"6a43b6dde14eb9283bfbe008","title":"Reply of the Zaporozhian Cossacks","relatedCount":3}
[2026-07-01 16:26:04] INFO: GET /api/paintings/6a43b6dde14eb9283bfbe008 [36m304[39m 37ms {"meta":{}}
[2026-07-01 16:26:05] INFO: Fetching all paintings
[2026-07-01 16:26:05] INFO: Paintings fetched successfully {"count":24}
[2026-07-01 16:26:05] INFO: GET /api/paintings [36m304[39m 71ms {"meta":{}}
[2026-07-01 16:26:05] INFO: Fetching all paintings
[2026-07-01 16:26:06] INFO: Paintings fetched successfully {"count":24}
[2026-07-01 16:26:06] INFO: GET /api/paintings [36m304[39m 46ms {"meta":{}}
[2026-07-01 16:26:06] INFO: Fetching painting {"paintingId":"6a43b6dde14eb9283bfbe007"}
[2026-07-01 16:26:06] INFO: Painting fetched successfully {"paintingId":"6a43b6dde14eb9283bfbe007","title":"The Death of Socrates","relatedCount":8}
[2026-07-01 16:26:06] INFO: GET /api/paintings/6a43b6dde14eb9283bfbe007 [36m304[39m 34ms {"meta":{}}
[2026-07-01 16:26:06] INFO: Fetching painting {"paintingId":"6a43b6dde14eb9283bfbe007"}
[2026-07-01 16:26:06] INFO: Painting fetched successfully {"paintingId":"6a43b6dde14eb9283bfbe007","title":"The Death of Socrates","relatedCount":8}
[2026-07-01 16:26:06] INFO: GET /api/paintings/6a43b6dde14eb9283bfbe007 [36m304[39m 34ms {"meta":{}}
[2026-07-01 16:26:09] INFO: Fetching all paintings
[2026-07-01 16:26:09] INFO: Paintings fetched successfully {"count":24}
[2026-07-01 16:26:09] INFO: GET /api/paintings [36m304[39m 64ms {"meta":{}}
[2026-07-01 16:26:09] INFO: Fetching all paintings
[2026-07-01 16:26:09] INFO: Paintings fetched successfully {"count":24}
[2026-07-01 16:26:09] INFO: GET /api/paintings [36m304[39m 35ms {"meta":{}}
[2026-07-01 16:26:11] INFO: Fetching painting {"paintingId":"6a43b6dde14eb9283bfbe00b"}
[2026-07-01 16:26:11] INFO: Painting fetched successfully {"paintingId":"6a43b6dde14eb9283bfbe00b","title":"The Chess Players","relatedCount":5}
[2026-07-01 16:26:11] INFO: GET /api/paintings/6a43b6dde14eb9283bfbe00b [32m200[39m 32ms {"meta":{}}
[2026-07-01 16:26:11] INFO: Fetching painting {"paintingId":"6a43b6dde14eb9283bfbe00b"}
[2026-07-01 16:26:11] INFO: Painting fetched successfully {"paintingId":"6a43b6dde14eb9283bfbe00b","title":"The Chess Players","relatedCount":5}
[2026-07-01 16:26:11] INFO: GET /api/paintings/6a43b6dde14eb9283bfbe00b [36m304[39m 50ms {"meta":{}}
[2026-07-01 16:26:14] INFO: Fetching all paintings
[2026-07-01 16:26:14] INFO: Paintings fetched successfully {"count":24}
[2026-07-01 16:26:14] INFO: GET /api/paintings [36m304[39m 91ms {"meta":{}}
[2026-07-01 16:26:14] INFO: Fetching all paintings
[2026-07-01 16:26:14] INFO: Paintings fetched successfully {"count":24}
[2026-07-01 16:26:14] INFO: GET /api/paintings [36m304[39m 39ms {"meta":{}}
[2026-07-01 16:26:16] INFO: Fetching painting {"paintingId":"6a43b6dde14eb9283bfbe00d"}
[2026-07-01 16:26:16] INFO: Painting fetched successfully {"paintingId":"6a43b6dde14eb9283bfbe00d","title":"The Knight in the Enchanted Garden","relatedCount":3}
[2026-07-01 16:26:16] INFO: GET /api/paintings/6a43b6dde14eb9283bfbe00d [32m200[39m 31ms {"meta":{}}
[2026-07-01 16:26:16] INFO: Fetching painting {"paintingId":"6a43b6dde14eb9283bfbe00d"}
[2026-07-01 16:26:16] INFO: Painting fetched successfully {"paintingId":"6a43b6dde14eb9283bfbe00d","title":"The Knight in the Enchanted Garden","relatedCount":3}
[2026-07-01 16:26:16] INFO: GET /api/paintings/6a43b6dde14eb9283bfbe00d [36m304[39m 35ms {"meta":{}}
[2026-07-01 16:26:18] INFO: Fetching all paintings
[2026-07-01 16:26:18] INFO: Paintings fetched successfully {"count":24}
[2026-07-01 16:26:18] INFO: GET /api/paintings [36m304[39m 67ms {"meta":{}}
[2026-07-01 16:26:18] INFO: Fetching all paintings
[2026-07-01 16:26:18] INFO: Paintings fetched successfully {"count":24}
[2026-07-01 16:26:18] INFO: GET /api/paintings [36m304[39m 36ms {"meta":{}}
[2026-07-01 16:26:20] INFO: Fetching painting {"paintingId":"6a43b6dde14eb9283bfbe012"}
[2026-07-01 16:26:20] INFO: Painting fetched successfully {"paintingId":"6a43b6dde14eb9283bfbe012","title":"The Apotheosis of Homer","relatedCount":6}
[2026-07-01 16:26:20] INFO: GET /api/paintings/6a43b6dde14eb9283bfbe012 [32m200[39m 31ms {"meta":{}}
[2026-07-01 16:26:20] INFO: Fetching painting {"paintingId":"6a43b6dde14eb9283bfbe012"}
[2026-07-01 16:26:20] INFO: Painting fetched successfully {"paintingId":"6a43b6dde14eb9283bfbe012","title":"The Apotheosis of Homer","relatedCount":6}
[2026-07-01 16:26:20] INFO: GET /api/paintings/6a43b6dde14eb9283bfbe012 [36m304[39m 33ms {"meta":{}}
[2026-07-01 16:26:26] INFO: Fetching all paintings
[2026-07-01 16:26:26] INFO: Paintings fetched successfully {"count":24}
[2026-07-01 16:26:26] INFO: GET /api/paintings [36m304[39m 64ms {"meta":{}}
[2026-07-01 16:26:26] INFO: Fetching all paintings
[2026-07-01 16:26:26] INFO: Paintings fetched successfully {"count":24}
[2026-07-01 16:26:26] INFO: GET /api/paintings [36m304[39m 34ms {"meta":{}}
[2026-07-01 16:26:28] INFO: Fetching painting {"paintingId":"6a43b6dde14eb9283bfbe010"}
[2026-07-01 16:26:28] INFO: Painting fetched successfully {"paintingId":"6a43b6dde14eb9283bfbe010","title":"The Coronation of Napoleon","relatedCount":4}
[2026-07-01 16:26:28] INFO: GET /api/paintings/6a43b6dde14eb9283bfbe010 [32m200[39m 31ms {"meta":{}}
[2026-07-01 16:26:28] INFO: Fetching painting {"paintingId":"6a43b6dde14eb9283bfbe010"}
[2026-07-01 16:26:28] INFO: Painting fetched successfully {"paintingId":"6a43b6dde14eb9283bfbe010","title":"The Coronation of Napoleon","relatedCount":4}
[2026-07-01 16:26:28] INFO: GET /api/paintings/6a43b6dde14eb9283bfbe010 [36m304[39m 35ms {"meta":{}}
[2026-07-01 16:26:35] INFO: Fetching all paintings
[2026-07-01 16:26:35] INFO: Paintings fetched successfully {"count":24}
[2026-07-01 16:26:35] INFO: GET /api/paintings [36m304[39m 62ms {"meta":{}}
[2026-07-01 16:26:35] INFO: Fetching all paintings
[2026-07-01 16:26:35] INFO: Paintings fetched successfully {"count":24}
[2026-07-01 16:26:35] INFO: GET /api/paintings [36m304[39m 35ms {"meta":{}}
[2026-07-01 16:28:57] INFO: Fetching painting {"paintingId":"6a43b6dde14eb9283bfbe007"}
[2026-07-01 16:28:57] INFO: Painting fetched successfully {"paintingId":"6a43b6dde14eb9283bfbe007","title":"The Death of Socrates","relatedCount":8}
[2026-07-01 16:28:57] INFO: GET /api/paintings/6a43b6dde14eb9283bfbe007 [36m304[39m 32ms {"meta":{}}
[2026-07-01 16:28:57] INFO: Fetching painting {"paintingId":"6a43b6dde14eb9283bfbe007"}
[2026-07-01 16:28:57] INFO: Painting fetched successfully {"paintingId":"6a43b6dde14eb9283bfbe007","title":"The Death of Socrates","relatedCount":8}
[2026-07-01 16:28:57] INFO: GET /api/paintings/6a43b6dde14eb9283bfbe007 [36m304[39m 34ms {"meta":{}}
[2026-07-01 16:30:17] INFO: Fetching painting {"paintingId":"6a43b6dde14eb9283bfbe007"}
[2026-07-01 16:30:18] INFO: Painting fetched successfully {"paintingId":"6a43b6dde14eb9283bfbe007","title":"The Death of Socrates","relatedCount":8}
[2026-07-01 16:30:18] INFO: GET /api/paintings/6a43b6dde14eb9283bfbe007 [36m304[39m 32ms {"meta":{}}
[2026-07-01 16:30:18] INFO: Fetching painting {"paintingId":"6a43b6dde14eb9283bfbe007"}
[2026-07-01 16:30:18] INFO: Painting fetched successfully {"paintingId":"6a43b6dde14eb9283bfbe007","title":"The Death of Socrates","relatedCount":8}
[2026-07-01 16:30:18] INFO: GET /api/paintings/6a43b6dde14eb9283bfbe007 [36m304[39m 32ms {"meta":{}}
[2026-07-01 16:30:20] INFO: Fetching painting {"paintingId":"6a43b6dde14eb9283bfbe007"}
[2026-07-01 16:30:20] INFO: Painting fetched successfully {"paintingId":"6a43b6dde14eb9283bfbe007","title":"The Death of Socrates","relatedCount":8}
[2026-07-01 16:30:20] INFO: GET /api/paintings/6a43b6dde14eb9283bfbe007 [36m304[39m 35ms {"meta":{}}
[2026-07-01 16:30:20] INFO: Fetching painting {"paintingId":"6a43b6dde14eb9283bfbe007"}
[2026-07-01 16:30:20] INFO: Painting fetched successfully {"paintingId":"6a43b6dde14eb9283bfbe007","title":"The Death of Socrates","relatedCount":8}
[2026-07-01 16:30:20] INFO: GET /api/paintings/6a43b6dde14eb9283bfbe007 [36m304[39m 39ms {"meta":{}}
[2026-07-01 16:30:54] INFO: Fetching painting {"paintingId":"6a43b6dde14eb9283bfbe007"}
[2026-07-01 16:30:54] INFO: Painting fetched successfully {"paintingId":"6a43b6dde14eb9283bfbe007","title":"The Death of Socrates","relatedCount":8}
[2026-07-01 16:30:54] INFO: GET /api/paintings/6a43b6dde14eb9283bfbe007 [36m304[39m 39ms {"meta":{}}
[2026-07-01 16:31:04] INFO: Fetching painting {"paintingId":"6a43b6dde14eb9283bfbe007"}
[2026-07-01 16:31:05] INFO: Painting fetched successfully {"paintingId":"6a43b6dde14eb9283bfbe007","title":"The Death of Socrates","relatedCount":8}
[2026-07-01 16:31:05] INFO: GET /api/paintings/6a43b6dde14eb9283bfbe007 [36m304[39m 34ms {"meta":{}}
[2026-07-01 16:31:09] INFO: Fetching painting {"paintingId":"6a43b6dde14eb9283bfbe007"}
[2026-07-01 16:31:09] INFO: Painting fetched successfully {"paintingId":"6a43b6dde14eb9283bfbe007","title":"The Death of Socrates","relatedCount":8}
[2026-07-01 16:31:10] INFO: GET /api/paintings/6a43b6dde14eb9283bfbe007 [36m304[39m 33ms {"meta":{}}
[2026-07-01 16:31:11] INFO: Fetching painting {"paintingId":"6a43b6dde14eb9283bfbe007"}
[2026-07-01 16:31:11] INFO: Painting fetched successfully {"paintingId":"6a43b6dde14eb9283bfbe007","title":"The Death of Socrates","relatedCount":8}
[2026-07-01 16:31:11] INFO: GET /api/paintings/6a43b6dde14eb9283bfbe007 [36m304[39m 42ms {"meta":{}}
[2026-07-01 16:31:11] INFO: Fetching painting {"paintingId":"6a43b6dde14eb9283bfbe007"}
[2026-07-01 16:31:11] INFO: Painting fetched successfully {"paintingId":"6a43b6dde14eb9283bfbe007","title":"The Death of Socrates","relatedCount":8}
[2026-07-01 16:31:11] INFO: GET /api/paintings/6a43b6dde14eb9283bfbe007 [36m304[39m 39ms {"meta":{}}
[2026-07-01 16:35:34] INFO: Connected to MongoDB
[2026-07-01 16:35:34] INFO: Server running on http://localhost:5000
[2026-07-01 16:35:49] INFO: Connected to MongoDB
[2026-07-01 16:35:49] INFO: Server running on http://localhost:5000
[2026-07-01 16:36:32] INFO: Fetching painting {"paintingId":"6a43b6dde14eb9283bfbe007"}
[2026-07-01 16:36:33] INFO: Painting fetched successfully {"paintingId":"6a43b6dde14eb9283bfbe007","title":"The Death of Socrates","relatedCount":8}
[2026-07-01 16:36:33] INFO: GET /api/paintings/6a43b6dde14eb9283bfbe007 [32m200[39m 73ms {"meta":{}}
[2026-07-01 16:36:35] INFO: Fetching painting {"paintingId":"6a43b6dde14eb9283bfbe007"}
[2026-07-01 16:36:35] INFO: Painting fetched successfully {"paintingId":"6a43b6dde14eb9283bfbe007","title":"The Death of Socrates","relatedCount":8}
[2026-07-01 16:36:35] INFO: GET /api/paintings/6a43b6dde14eb9283bfbe007 [36m304[39m 78ms {"meta":{}}
[2026-07-01 16:36:35] INFO: Fetching painting {"paintingId":"6a43b6dde14eb9283bfbe007"}
[2026-07-01 16:36:35] INFO: Painting fetched successfully {"paintingId":"6a43b6dde14eb9283bfbe007","title":"The Death of Socrates","relatedCount":8}
[2026-07-01 16:36:35] INFO: GET /api/paintings/6a43b6dde14eb9283bfbe007 [36m304[39m 68ms {"meta":{}}
[2026-07-01 16:36:57] INFO: Fetching painting {"paintingId":"6a43b6dde14eb9283bfbe007"}
[2026-07-01 16:36:57] INFO: Painting fetched successfully {"paintingId":"6a43b6dde14eb9283bfbe007","title":"The Death of Socrates","relatedCount":8}
[2026-07-01 16:36:57] INFO: GET /api/paintings/6a43b6dde14eb9283bfbe007 [36m304[39m 73ms {"meta":{}}
[2026-07-01 16:36:58] INFO: Fetching painting {"paintingId":"6a43b6dde14eb9283bfbe007"}
[2026-07-01 16:36:58] INFO: Painting fetched successfully {"paintingId":"6a43b6dde14eb9283bfbe007","title":"The Death of Socrates","relatedCount":8}
[2026-07-01 16:36:58] INFO: GET /api/paintings/6a43b6dde14eb9283bfbe007 [36m304[39m 77ms {"meta":{}}
[2026-07-01 16:36:58] INFO: Fetching painting {"paintingId":"6a43b6dde14eb9283bfbe007"}
[2026-07-01 16:36:58] INFO: Painting fetched successfully {"paintingId":"6a43b6dde14eb9283bfbe007","title":"The Death of Socrates","relatedCount":8}
[2026-07-01 16:36:58] INFO: GET /api/paintings/6a43b6dde14eb9283bfbe007 [36m304[39m 76ms {"meta":{}}
[2026-07-01 16:37:18] INFO: Fetching all paintings
[2026-07-01 16:37:18] INFO: Paintings fetched successfully {"count":24}
[2026-07-01 16:37:18] INFO: GET /api/paintings [36m304[39m 93ms {"meta":{}}
[2026-07-01 16:37:18] INFO: Fetching all paintings
[2026-07-01 16:37:19] INFO: Paintings fetched successfully {"count":24}
[2026-07-01 16:37:19] INFO: GET /api/paintings [36m304[39m 56ms {"meta":{}}
[2026-07-01 16:37:23] INFO: Fetching painting {"paintingId":"6a43b6dde14eb9283bfbe015"}
[2026-07-01 16:37:23] INFO: Painting fetched successfully {"paintingId":"6a43b6dde14eb9283bfbe015","title":"Wanderer above the Sea of Fog","relatedCount":5}
[2026-07-01 16:37:23] INFO: GET /api/paintings/6a43b6dde14eb9283bfbe015 [32m200[39m 75ms {"meta":{}}
[2026-07-01 16:37:23] INFO: Fetching painting {"paintingId":"6a43b6dde14eb9283bfbe015"}
[2026-07-01 16:37:23] INFO: Painting fetched successfully {"paintingId":"6a43b6dde14eb9283bfbe015","title":"Wanderer above the Sea of Fog","relatedCount":5}
[2026-07-01 16:37:23] INFO: GET /api/paintings/6a43b6dde14eb9283bfbe015 [36m304[39m 59ms {"meta":{}}
[2026-07-01 16:37:43] INFO: Fetching all paintings
[2026-07-01 16:37:44] INFO: Paintings fetched successfully {"count":24}
[2026-07-01 16:37:44] INFO: GET /api/paintings [36m304[39m 62ms {"meta":{}}
[2026-07-01 16:37:44] INFO: Fetching all paintings
[2026-07-01 16:37:44] INFO: Paintings fetched successfully {"count":24}
[2026-07-01 16:37:44] INFO: GET /api/paintings [36m304[39m 38ms {"meta":{}}
[2026-07-01 16:37:45] INFO: Fetching painting {"paintingId":"6a43b6dde14eb9283bfbe00c"}
[2026-07-01 16:37:45] INFO: Painting fetched successfully {"paintingId":"6a43b6dde14eb9283bfbe00c","title":"Daniel in the Lion's Den","relatedCount":6}
[2026-07-01 16:37:45] INFO: GET /api/paintings/6a43b6dde14eb9283bfbe00c [32m200[39m 68ms {"meta":{}}
[2026-07-01 16:37:45] INFO: Fetching painting {"paintingId":"6a43b6dde14eb9283bfbe00c"}
[2026-07-01 16:37:46] INFO: Painting fetched successfully {"paintingId":"6a43b6dde14eb9283bfbe00c","title":"Daniel in the Lion's Den","relatedCount":6}
[2026-07-01 16:37:46] INFO: GET /api/paintings/6a43b6dde14eb9283bfbe00c [36m304[39m 82ms {"meta":{}}
[2026-07-01 16:38:19] INFO: Fetching painting {"paintingId":"6a43b6dde14eb9283bfbe00c"}
[2026-07-01 16:38:20] INFO: Painting fetched successfully {"paintingId":"6a43b6dde14eb9283bfbe00c","title":"Daniel in the Lion's Den","relatedCount":6}
[2026-07-01 16:38:20] INFO: GET /api/paintings/6a43b6dde14eb9283bfbe00c [36m304[39m 71ms {"meta":{}}
[2026-07-01 16:38:20] INFO: Fetching painting {"paintingId":"6a43b6dde14eb9283bfbe00c"}
[2026-07-01 16:38:21] INFO: Painting fetched successfully {"paintingId":"6a43b6dde14eb9283bfbe00c","title":"Daniel in the Lion's Den","relatedCount":6}
[2026-07-01 16:38:21] INFO: GET /api/paintings/6a43b6dde14eb9283bfbe00c [36m304[39m 59ms {"meta":{}}
[2026-07-01 16:38:24] INFO: Fetching painting {"paintingId":"6a43b6dde14eb9283bfbe00c"}
[2026-07-01 16:38:24] INFO: Painting fetched successfully {"paintingId":"6a43b6dde14eb9283bfbe00c","title":"Daniel in the Lion's Den","relatedCount":6}
[2026-07-01 16:38:24] INFO: GET /api/paintings/6a43b6dde14eb9283bfbe00c [36m304[39m 89ms {"meta":{}}
[2026-07-01 16:38:24] INFO: Fetching painting {"paintingId":"6a43b6dde14eb9283bfbe00c"}
[2026-07-01 16:38:24] INFO: Painting fetched successfully {"paintingId":"6a43b6dde14eb9283bfbe00c","title":"Daniel in the Lion's Den","relatedCount":6}
[2026-07-01 16:38:24] INFO: GET /api/paintings/6a43b6dde14eb9283bfbe00c [36m304[39m 65ms {"meta":{}}
[2026-07-01 16:38:29] INFO: Fetching all paintings
[2026-07-01 16:38:29] INFO: Paintings fetched successfully {"count":24}
[2026-07-01 16:38:29] INFO: GET /api/paintings [36m304[39m 68ms {"meta":{}}
[2026-07-01 16:38:29] INFO: Fetching all paintings
[2026-07-01 16:38:29] INFO: Paintings fetched successfully {"count":24}
[2026-07-01 16:38:29] INFO: GET /api/paintings [36m304[39m 35ms {"meta":{}}
[2026-07-01 16:43:03] INFO: Connected to MongoDB
[2026-07-01 16:43:03] INFO: Server running on http://localhost:5000
[2026-07-01 16:57:05] INFO: Connected to MongoDB
[2026-07-01 16:57:05] INFO: Server running on http://localhost:5000
[2026-07-01 16:57:10] INFO: Fetching all paintings
[2026-07-01 16:57:10] INFO: Paintings fetched successfully {"count":24}
[2026-07-01 16:57:10] INFO: GET /api/paintings [36m304[39m 75ms {"meta":{}}
[2026-07-01 16:57:10] INFO: Fetching all paintings
[2026-07-01 16:57:10] INFO: Paintings fetched successfully {"count":24}
[2026-07-01 16:57:10] INFO: GET /api/paintings [36m304[39m 33ms {"meta":{}}
[2026-07-01 16:57:13] INFO: Fetching all paintings
[2026-07-01 16:57:13] INFO: Paintings fetched successfully {"count":24}
[2026-07-01 16:57:13] INFO: GET /api/paintings [36m304[39m 60ms {"meta":{}}
[2026-07-01 16:57:13] INFO: Fetching all paintings
[2026-07-01 16:57:13] INFO: Paintings fetched successfully {"count":24}
[2026-07-01 16:57:13] INFO: GET /api/paintings [36m304[39m 34ms {"meta":{}}
[2026-07-01 16:57:21] INFO: Fetching all paintings
[2026-07-01 16:57:22] INFO: Paintings fetched successfully {"count":24}
[2026-07-01 16:57:22] INFO: GET /api/paintings [36m304[39m 56ms {"meta":{}}
[2026-07-01 16:57:22] INFO: Fetching all paintings
[2026-07-01 16:57:22] INFO: Paintings fetched successfully {"count":24}
[2026-07-01 16:57:22] INFO: GET /api/paintings [36m304[39m 30ms {"meta":{}}
[2026-07-01 16:57:33] INFO: Fetching painting {"paintingId":"6a43b6dde14eb9283bfbe007"}
[2026-07-01 16:57:33] INFO: Painting fetched successfully {"paintingId":"6a43b6dde14eb9283bfbe007","title":"The Death of Socrates","relatedCount":8}
[2026-07-01 16:57:33] INFO: GET /api/paintings/6a43b6dde14eb9283bfbe007 [36m304[39m 68ms {"meta":{}}
[2026-07-01 16:57:33] INFO: Fetching painting {"paintingId":"6a43b6dde14eb9283bfbe007"}
[2026-07-01 16:57:33] INFO: Painting fetched successfully {"paintingId":"6a43b6dde14eb9283bfbe007","title":"The Death of Socrates","relatedCount":8}
[2026-07-01 16:57:33] INFO: GET /api/paintings/6a43b6dde14eb9283bfbe007 [36m304[39m 59ms {"meta":{}}
[2026-07-01 16:57:36] INFO: Fetching painting {"paintingId":"6a43b6dde14eb9283bfbe00f"}
[2026-07-01 16:57:36] INFO: Painting fetched successfully {"paintingId":"6a43b6dde14eb9283bfbe00f","title":"The Oath of the Horatii","relatedCount":4}
[2026-07-01 16:57:36] INFO: GET /api/paintings/6a43b6dde14eb9283bfbe00f [32m200[39m 60ms {"meta":{}}
[2026-07-01 16:57:36] INFO: Fetching painting {"paintingId":"6a43b6dde14eb9283bfbe00f"}
[2026-07-01 16:57:36] INFO: Painting fetched successfully {"paintingId":"6a43b6dde14eb9283bfbe00f","title":"The Oath of the Horatii","relatedCount":4}
[2026-07-01 16:57:36] INFO: GET /api/paintings/6a43b6dde14eb9283bfbe00f [36m304[39m 56ms {"meta":{}}
[2026-07-01 16:57:39] INFO: Fetching painting {"paintingId":"6a43b6dde14eb9283bfbe007"}
[2026-07-01 16:57:39] INFO: Painting fetched successfully {"paintingId":"6a43b6dde14eb9283bfbe007","title":"The Death of Socrates","relatedCount":8}
[2026-07-01 16:57:39] INFO: GET /api/paintings/6a43b6dde14eb9283bfbe007 [36m304[39m 62ms {"meta":{}}
[2026-07-01 16:57:39] INFO: Fetching painting {"paintingId":"6a43b6dde14eb9283bfbe007"}
[2026-07-01 16:57:39] INFO: Painting fetched successfully {"paintingId":"6a43b6dde14eb9283bfbe007","title":"The Death of Socrates","relatedCount":8}
[2026-07-01 16:57:39] INFO: GET /api/paintings/6a43b6dde14eb9283bfbe007 [36m304[39m 57ms {"meta":{}}
[2026-07-01 16:57:59] INFO: Fetching all paintings
[2026-07-01 16:57:59] INFO: Paintings fetched successfully {"count":24}
[2026-07-01 16:57:59] INFO: GET /api/paintings [36m304[39m 57ms {"meta":{}}
[2026-07-01 16:57:59] INFO: Fetching all paintings
[2026-07-01 16:57:59] INFO: Paintings fetched successfully {"count":24}
[2026-07-01 16:57:59] INFO: GET /api/paintings [36m304[39m 31ms {"meta":{}}
[2026-07-01 16:58:08] INFO: Connected to MongoDB
[2026-07-01 16:58:08] INFO: Server running on http://localhost:5000
[2026-07-01 16:58:19] INFO: Fetching all paintings
[2026-07-01 16:58:19] INFO: Paintings fetched successfully {"count":24}
[2026-07-01 16:58:19] INFO: GET /api/paintings [36m304[39m 60ms {"meta":{}}
[2026-07-01 16:58:19] INFO: Fetching all paintings
[2026-07-01 16:58:19] INFO: Paintings fetched successfully {"count":24}
[2026-07-01 16:58:19] INFO: GET /api/paintings [36m304[39m 50ms {"meta":{}}
[2026-07-01 16:58:25] INFO: Fetching painting {"paintingId":"6a43b6dde14eb9283bfbe015"}
[2026-07-01 16:58:25] INFO: Painting fetched successfully {"paintingId":"6a43b6dde14eb9283bfbe015","title":"Wanderer above the Sea of Fog","relatedCount":5}
[2026-07-01 16:58:25] INFO: GET /api/paintings/6a43b6dde14eb9283bfbe015 [36m304[39m 57ms {"meta":{}}
[2026-07-01 16:58:25] INFO: Fetching painting {"paintingId":"6a43b6dde14eb9283bfbe015"}
[2026-07-01 16:58:26] INFO: Painting fetched successfully {"paintingId":"6a43b6dde14eb9283bfbe015","title":"Wanderer above the Sea of Fog","relatedCount":5}
[2026-07-01 16:58:26] INFO: GET /api/paintings/6a43b6dde14eb9283bfbe015 [36m304[39m 59ms {"meta":{}}
[2026-07-01 16:59:46] INFO: Fetching all paintings
[2026-07-01 16:59:46] INFO: Paintings fetched successfully {"count":24}
[2026-07-01 16:59:46] INFO: GET /api/paintings [36m304[39m 60ms {"meta":{}}
[2026-07-01 16:59:46] INFO: GET /favicon.ico [33m404[39m 2ms {"meta":{}}
[2026-07-01 17:01:41] INFO: Connected to MongoDB
[2026-07-01 17:01:41] INFO: Server running on http://localhost:5000
[2026-07-01 17:01:46] INFO: Fetching all paintings
[2026-07-01 17:01:46] INFO: Paintings fetched successfully {"count":24}
[2026-07-01 17:01:46] INFO: GET /api/paintings [32m200[39m 128ms {"meta":{}}
[2026-07-01 17:01:46] INFO: Fetching all paintings
[2026-07-01 17:01:46] INFO: Paintings fetched successfully {"count":24}
[2026-07-01 17:01:46] INFO: GET /api/paintings [36m304[39m 48ms {"meta":{}}
[2026-07-01 17:02:09] INFO: Fetching painting {"paintingId":"6a43b6dde14eb9283bfbe009"}
[2026-07-01 17:02:09] INFO: Painting fetched successfully {"paintingId":"6a43b6dde14eb9283bfbe009","title":"Water from the Rock","relatedCount":3}
[2026-07-01 17:02:09] INFO: GET /api/paintings/6a43b6dde14eb9283bfbe009 [32m200[39m 122ms {"meta":{}}
[2026-07-01 17:02:09] INFO: Fetching painting {"paintingId":"6a43b6dde14eb9283bfbe009"}
[2026-07-01 17:02:09] INFO: Painting fetched successfully {"paintingId":"6a43b6dde14eb9283bfbe009","title":"Water from the Rock","relatedCount":3}
[2026-07-01 17:02:09] INFO: GET /api/paintings/6a43b6dde14eb9283bfbe009 [36m304[39m 91ms {"meta":{}}
[2026-07-01 17:02:15] INFO: Fetching painting {"paintingId":"6a43b6dde14eb9283bfbe00c"}
[2026-07-01 17:02:15] INFO: Painting fetched successfully {"paintingId":"6a43b6dde14eb9283bfbe00c","title":"Daniel in the Lion's Den","relatedCount":6}
[2026-07-01 17:02:15] INFO: GET /api/paintings/6a43b6dde14eb9283bfbe00c [36m304[39m 81ms {"meta":{}}
[2026-07-01 17:02:15] INFO: Fetching painting {"paintingId":"6a43b6dde14eb9283bfbe00c"}
[2026-07-01 17:02:15] INFO: Painting fetched successfully {"paintingId":"6a43b6dde14eb9283bfbe00c","title":"Daniel in the Lion's Den","relatedCount":6}
[2026-07-01 17:02:15] INFO: GET /api/paintings/6a43b6dde14eb9283bfbe00c [36m304[39m 77ms {"meta":{}}
[2026-07-01 17:02:20] INFO: Fetching painting {"paintingId":"6a43b6dde14eb9283bfbe008"}
[2026-07-01 17:02:20] INFO: Painting fetched successfully {"paintingId":"6a43b6dde14eb9283bfbe008","title":"Reply of the Zaporozhian Cossacks","relatedCount":3}
[2026-07-01 17:02:20] INFO: GET /api/paintings/6a43b6dde14eb9283bfbe008 [32m200[39m 68ms {"meta":{}}
[2026-07-01 17:02:20] INFO: Fetching painting {"paintingId":"6a43b6dde14eb9283bfbe008"}
[2026-07-01 17:02:20] INFO: Painting fetched successfully {"paintingId":"6a43b6dde14eb9283bfbe008","title":"Reply of the Zaporozhian Cossacks","relatedCount":3}
[2026-07-01 17:02:20] INFO: GET /api/paintings/6a43b6dde14eb9283bfbe008 [36m304[39m 72ms {"meta":{}}
[2026-07-01 17:02:29] INFO: Fetching painting {"paintingId":"6a43b6dde14eb9283bfbe00c"}
[2026-07-01 17:02:29] INFO: Painting fetched successfully {"paintingId":"6a43b6dde14eb9283bfbe00c","title":"Daniel in the Lion's Den","relatedCount":6}
[2026-07-01 17:02:29] INFO: GET /api/paintings/6a43b6dde14eb9283bfbe00c [36m304[39m 90ms {"meta":{}}
[2026-07-01 17:02:29] INFO: Fetching painting {"paintingId":"6a43b6dde14eb9283bfbe00c"}
[2026-07-01 17:02:29] INFO: Painting fetched successfully {"paintingId":"6a43b6dde14eb9283bfbe00c","title":"Daniel in the Lion's Den","relatedCount":6}
[2026-07-01 17:02:29] INFO: GET /api/paintings/6a43b6dde14eb9283bfbe00c [36m304[39m 88ms {"meta":{}}
[2026-07-03 15:26:02] INFO: Connected to MongoDB
[2026-07-03 15:26:02] INFO: Server running on http://localhost:5000
[2026-07-03 15:26:04] INFO: Fetching all paintings
[2026-07-03 15:26:05] INFO: Paintings fetched successfully {"count":24}
[2026-07-03 15:26:05] INFO: GET /api/paintings [32m200[39m 130ms {"meta":{}}
[2026-07-03 15:26:05] INFO: Fetching all paintings
[2026-07-03 15:26:05] INFO: Paintings fetched successfully {"count":24}
[2026-07-03 15:26:05] INFO: GET /api/paintings [36m304[39m 52ms {"meta":{}}
[2026-07-03 15:26:07] INFO: Fetching all paintings
[2026-07-03 15:26:07] INFO: Paintings fetched successfully {"count":24}
[2026-07-03 15:26:07] INFO: GET /api/paintings [36m304[39m 74ms {"meta":{}}
[2026-07-03 15:26:07] INFO: Fetching all paintings
[2026-07-03 15:26:07] INFO: Paintings fetched successfully {"count":24}
[2026-07-03 15:26:07] INFO: GET /api/paintings [36m304[39m 48ms {"meta":{}}
[2026-07-03 15:26:19] INFO: Fetching all paintings
[2026-07-03 15:26:19] INFO: Paintings fetched successfully {"count":24}
[2026-07-03 15:26:19] INFO: GET /api/paintings [36m304[39m 87ms {"meta":{}}
[2026-07-03 15:26:19] INFO: Fetching all paintings
[2026-07-03 15:26:19] INFO: Paintings fetched successfully {"count":24}
[2026-07-03 15:26:19] INFO: GET /api/paintings [36m304[39m 35ms {"meta":{}}
[2026-07-03 15:26:32] INFO: Connected to MongoDB
[2026-07-03 15:26:32] INFO: Server running on http://localhost:5000
[2026-07-03 15:26:34] INFO: Fetching all paintings
[2026-07-03 15:26:34] INFO: Paintings fetched successfully {"count":24}
[2026-07-03 15:26:34] INFO: GET /api/paintings [36m304[39m 102ms {"meta":{}}
[2026-07-03 15:26:34] INFO: Fetching all paintings
[2026-07-03 15:26:34] INFO: Paintings fetched successfully {"count":24}
[2026-07-03 15:26:34] INFO: GET /api/paintings [36m304[39m 56ms {"meta":{}}
[2026-07-03 15:28:04] INFO: Connected to MongoDB
[2026-07-03 15:28:04] INFO: Server running on http://localhost:5000
[2026-07-03 15:28:12] INFO: Connected to MongoDB
[2026-07-03 15:28:12] INFO: Server running on http://localhost:5000
[2026-07-03 15:28:14] INFO: Connected to MongoDB
[2026-07-03 15:28:14] INFO: Server running on http://localhost:5000
[2026-07-03 15:29:30] INFO: Connected to MongoDB
[2026-07-03 15:29:30] INFO: Server running on http://localhost:5000
[2026-07-03 15:29:40] INFO: Connected to MongoDB
[2026-07-03 15:29:40] INFO: Server running on http://localhost:5000
[2026-07-03 15:30:17] INFO: Connected to MongoDB
[2026-07-03 15:30:17] INFO: Server running on http://localhost:5000
[2026-07-03 15:30:31] INFO: Connected to MongoDB
[2026-07-03 15:30:31] INFO: Server running on http://localhost:5000
[2026-07-03 15:30:34] INFO: Connected to MongoDB
[2026-07-03 15:30:34] INFO: Server running on http://localhost:5000
[2026-07-03 15:30:52] INFO: Connected to MongoDB
[2026-07-03 15:30:52] INFO: Server running on http://localhost:5000
[2026-07-03 15:32:36] INFO: Connected to MongoDB
[2026-07-03 15:32:36] INFO: Server running on http://localhost:5000
[2026-07-03 15:34:46] INFO: Connected to MongoDB
[2026-07-03 15:34:46] INFO: Server running on http://localhost:5000
[2026-07-03 15:34:47] INFO: Connected to MongoDB
[2026-07-03 15:34:47] INFO: Server running on http://localhost:5000
[2026-07-03 15:34:58] INFO: Connected to MongoDB
[2026-07-03 15:34:58] INFO: Server running on http://localhost:5000
[2026-07-03 15:35:02] INFO: Connected to MongoDB
[2026-07-03 15:35:02] INFO: Server running on http://localhost:5000
[2026-07-03 15:37:58] INFO: Connected to MongoDB
[2026-07-03 15:37:58] INFO: Server running on http://localhost:5000
[2026-07-03 15:44:54] INFO: Connected to MongoDB
[2026-07-03 15:44:54] INFO: Server running on http://localhost:5000
[2026-07-03 15:45:08] INFO: Connected to MongoDB
[2026-07-03 15:45:08] INFO: Server running on http://localhost:5000
[2026-07-03 15:46:44] INFO: Fetching paintings {"categoryFilter":null}
[2026-07-03 15:46:44] INFO: Paintings fetched successfully {"count":24}
[2026-07-03 15:46:44] INFO: GET /api/paintings [32m200[39m 95ms {"meta":{}}
[2026-07-03 15:46:45] INFO: Fetching paintings {"categoryFilter":null}
[2026-07-03 15:46:45] INFO: Paintings fetched successfully {"count":24}
[2026-07-03 15:46:45] INFO: GET /api/paintings [36m304[39m 77ms {"meta":{}}
[2026-07-03 15:48:22] INFO: Connected to MongoDB
[2026-07-03 15:48:22] INFO: Server running on http://localhost:5000
[2026-07-03 16:07:00] INFO: Connected to MongoDB
[2026-07-03 16:07:00] INFO: Server running on http://localhost:5000
[2026-07-03 16:08:50] INFO: Fetching all categories
[2026-07-03 16:08:50] INFO: Fetching paintings {"categoryFilter":null}
[2026-07-03 16:08:50] INFO: Categories fetched successfully {"count":7}
[2026-07-03 16:08:50] INFO: GET /api/categories [36m304[39m 52ms {"meta":{}}
[2026-07-03 16:08:50] INFO: Paintings fetched successfully {"count":24}
[2026-07-03 16:08:50] INFO: GET /api/paintings [36m304[39m 127ms {"meta":{}}
[2026-07-03 16:09:16] INFO: Fetching all categories
[2026-07-03 16:09:16] INFO: Fetching paintings {"categoryFilter":null}
[2026-07-03 16:09:16] INFO: Categories fetched successfully {"count":7}
[2026-07-03 16:09:16] INFO: GET /api/categories [36m304[39m 37ms {"meta":{}}
[2026-07-03 16:09:16] INFO: Fetching all categories
[2026-07-03 16:09:16] INFO: Paintings fetched successfully {"count":24}
[2026-07-03 16:09:16] INFO: GET /api/paintings [36m304[39m 89ms {"meta":{}}
[2026-07-03 16:09:16] INFO: Categories fetched successfully {"count":7}
[2026-07-03 16:09:16] INFO: GET /api/categories [36m304[39m 48ms {"meta":{}}
[2026-07-03 16:09:16] INFO: Fetching paintings {"categoryFilter":null}
[2026-07-03 16:09:16] INFO: Paintings fetched successfully {"count":24}
[2026-07-03 16:09:16] INFO: GET /api/paintings [36m304[39m 74ms {"meta":{}}
[2026-07-03 16:09:50] INFO: Fetching all categories
[2026-07-03 16:09:50] INFO: Fetching paintings {"categoryFilter":null}
[2026-07-03 16:09:50] INFO: Categories fetched successfully {"count":7}
[2026-07-03 16:09:50] INFO: GET /api/categories [36m304[39m 36ms {"meta":{}}
[2026-07-03 16:09:50] INFO: Paintings fetched successfully {"count":24}
[2026-07-03 16:09:50] INFO: GET /api/paintings [36m304[39m 75ms {"meta":{}}
[2026-07-03 16:10:05] INFO: Fetching paintings {"categoryFilter":null}
[2026-07-03 16:10:05] INFO: Fetching all categories
[2026-07-03 16:10:05] INFO: Categories fetched successfully {"count":7}
[2026-07-03 16:10:05] INFO: GET /api/categories [36m304[39m 38ms {"meta":{}}
[2026-07-03 16:10:05] INFO: Paintings fetched successfully {"count":24}
[2026-07-03 16:10:05] INFO: GET /api/paintings? [32m200[39m 76ms {"meta":{}}
[2026-07-03 16:10:17] INFO: Fetching all categories
[2026-07-03 16:10:17] INFO: Fetching paintings {"categoryFilter":null}
[2026-07-03 16:10:17] INFO: Categories fetched successfully {"count":7}
[2026-07-03 16:10:17] INFO: GET /api/categories [36m304[39m 35ms {"meta":{}}
[2026-07-03 16:10:17] INFO: Paintings fetched successfully {"count":24}
[2026-07-03 16:10:17] INFO: GET /api/paintings? [36m304[39m 75ms {"meta":{}}
[2026-07-03 16:10:26] INFO: Fetching all categories
[2026-07-03 16:10:26] INFO: Fetching paintings {"categoryFilter":null}
[2026-07-03 16:10:26] INFO: Categories fetched successfully {"count":7}
[2026-07-03 16:10:26] INFO: GET /api/categories [36m304[39m 36ms {"meta":{}}
[2026-07-03 16:10:26] INFO: Fetching all categories
[2026-07-03 16:10:26] INFO: Paintings fetched successfully {"count":24}
[2026-07-03 16:10:26] INFO: GET /api/paintings? [36m304[39m 78ms {"meta":{}}
[2026-07-03 16:10:26] INFO: Categories fetched successfully {"count":7}
[2026-07-03 16:10:26] INFO: GET /api/categories [36m304[39m 36ms {"meta":{}}
[2026-07-03 16:10:26] INFO: Fetching paintings {"categoryFilter":null}
[2026-07-03 16:10:26] INFO: Paintings fetched successfully {"count":24}
[2026-07-03 16:10:26] INFO: GET /api/paintings? [36m304[39m 85ms {"meta":{}}
[2026-07-03 16:10:27] INFO: Fetching all categories
[2026-07-03 16:10:27] INFO: Fetching paintings {"categoryFilter":null}
[2026-07-03 16:10:27] INFO: Categories fetched successfully {"count":7}
[2026-07-03 16:10:27] INFO: GET /api/categories [36m304[39m 34ms {"meta":{}}
[2026-07-03 16:10:27] INFO: Fetching all categories
[2026-07-03 16:10:27] INFO: Paintings fetched successfully {"count":24}
[2026-07-03 16:10:27] INFO: GET /api/paintings? [36m304[39m 71ms {"meta":{}}
[2026-07-03 16:10:27] INFO: Categories fetched successfully {"count":7}
[2026-07-03 16:10:27] INFO: GET /api/categories [36m304[39m 37ms {"meta":{}}
[2026-07-03 16:10:27] INFO: Fetching paintings {"categoryFilter":null}
[2026-07-03 16:10:27] INFO: Paintings fetched successfully {"count":24}
[2026-07-03 16:10:27] INFO: GET /api/paintings? [36m304[39m 73ms {"meta":{}}
[2026-07-03 16:10:51] INFO: Fetching all categories
[2026-07-03 16:10:51] INFO: Fetching paintings {"categoryFilter":null}
[2026-07-03 16:10:51] INFO: Categories fetched successfully {"count":7}
[2026-07-03 16:10:51] INFO: GET /api/categories [36m304[39m 36ms {"meta":{}}
[2026-07-03 16:10:51] INFO: Paintings fetched successfully {"count":24}
[2026-07-03 16:10:51] INFO: GET /api/paintings? [36m304[39m 89ms {"meta":{}}
[2026-07-03 16:11:01] INFO: Fetching all categories
[2026-07-03 16:11:01] INFO: Fetching paintings {"categoryFilter":null}
[2026-07-03 16:11:01] INFO: Categories fetched successfully {"count":7}
[2026-07-03 16:11:01] INFO: GET /api/categories [36m304[39m 42ms {"meta":{}}
[2026-07-03 16:11:01] INFO: Fetching all categories
[2026-07-03 16:11:01] INFO: Paintings fetched successfully {"count":24}
[2026-07-03 16:11:01] INFO: GET /api/paintings? [36m304[39m 100ms {"meta":{}}
[2026-07-03 16:11:01] INFO: Categories fetched successfully {"count":7}
[2026-07-03 16:11:01] INFO: GET /api/categories [36m304[39m 38ms {"meta":{}}
[2026-07-03 16:11:01] INFO: Fetching paintings {"categoryFilter":null}
[2026-07-03 16:11:01] INFO: Paintings fetched successfully {"count":24}
[2026-07-03 16:11:01] INFO: GET /api/paintings? [36m304[39m 85ms {"meta":{}}
[2026-07-03 16:11:04] INFO: Fetching paintings {"categoryFilter":null}
[2026-07-03 16:11:04] INFO: Paintings fetched successfully {"count":24}
[2026-07-03 16:11:04] INFO: GET /api/paintings?search=w [32m200[39m 92ms {"meta":{}}
[2026-07-03 16:11:06] INFO: Fetching paintings {"categoryFilter":null}
[2026-07-03 16:11:06] INFO: Paintings fetched successfully {"count":24}
[2026-07-03 16:11:06] INFO: GET /api/paintings?search=wa [32m200[39m 91ms {"meta":{}}
[2026-07-03 16:11:07] INFO: Fetching paintings {"categoryFilter":null}
[2026-07-03 16:11:07] INFO: Paintings fetched successfully {"count":24}
[2026-07-03 16:11:07] INFO: GET /api/paintings?search=wat [32m200[39m 104ms {"meta":{}}
[2026-07-03 16:11:09] INFO: Fetching paintings {"categoryFilter":null}
[2026-07-03 16:11:09] INFO: Paintings fetched successfully {"count":24}
[2026-07-03 16:11:09] INFO: GET /api/paintings?search=wate [32m200[39m 100ms {"meta":{}}
[2026-07-03 16:11:10] INFO: Fetching paintings {"categoryFilter":null}
[2026-07-03 16:11:10] INFO: Paintings fetched successfully {"count":24}
[2026-07-03 16:11:10] INFO: GET /api/paintings?search=water [32m200[39m 99ms {"meta":{}}
[2026-07-03 16:11:13] INFO: Fetching paintings {"categoryFilter":null}
[2026-07-03 16:11:13] INFO: Fetching all categories
[2026-07-03 16:11:13] INFO: Categories fetched successfully {"count":7}
[2026-07-03 16:11:13] INFO: GET /api/categories [36m304[39m 48ms {"meta":{}}
[2026-07-03 16:11:13] INFO: Fetching all categories
[2026-07-03 16:11:13] INFO: Paintings fetched successfully {"count":24}
[2026-07-03 16:11:13] INFO: GET /api/paintings? [36m304[39m 111ms {"meta":{}}
[2026-07-03 16:11:13] INFO: Categories fetched successfully {"count":7}
[2026-07-03 16:11:13] INFO: GET /api/categories [36m304[39m 49ms {"meta":{}}
[2026-07-03 16:11:13] INFO: Fetching paintings {"categoryFilter":null}
[2026-07-03 16:11:13] INFO: Paintings fetched successfully {"count":24}
[2026-07-03 16:11:13] INFO: GET /api/paintings? [36m304[39m 78ms {"meta":{}}
[2026-07-03 16:11:49] INFO: Fetching all categories
[2026-07-03 16:11:49] INFO: Fetching paintings {"categoryFilter":null}
[2026-07-03 16:11:49] INFO: Categories fetched successfully {"count":7}
[2026-07-03 16:11:49] INFO: GET /api/categories [36m304[39m 40ms {"meta":{}}
[2026-07-03 16:11:49] INFO: Paintings fetched successfully {"count":24}
[2026-07-03 16:11:49] INFO: GET /api/paintings? [36m304[39m 83ms {"meta":{}}
[2026-07-03 16:12:08] INFO: Fetching all categories
[2026-07-03 16:12:08] INFO: Fetching paintings {"categoryFilter":null}
[2026-07-03 16:12:08] INFO: Categories fetched successfully {"count":7}
[2026-07-03 16:12:08] INFO: GET /api/categories [36m304[39m 34ms {"meta":{}}
[2026-07-03 16:12:08] INFO: Paintings fetched successfully {"count":24}
[2026-07-03 16:12:08] INFO: GET /api/paintings? [36m304[39m 71ms {"meta":{}}
[2026-07-03 16:12:09] INFO: Fetching all categories
[2026-07-03 16:12:09] INFO: Fetching paintings {"categoryFilter":null}
[2026-07-03 16:12:09] INFO: Categories fetched successfully {"count":7}
[2026-07-03 16:12:09] INFO: GET /api/categories [36m304[39m 34ms {"meta":{}}
[2026-07-03 16:12:09] INFO: Paintings fetched successfully {"count":24}
[2026-07-03 16:12:09] INFO: GET /api/paintings? [36m304[39m 70ms {"meta":{}}
[2026-07-03 16:12:56] INFO: Fetching all categories
[2026-07-03 16:12:56] INFO: Fetching paintings {"categoryFilter":null}
[2026-07-03 16:12:56] INFO: Categories fetched successfully {"count":7}
[2026-07-03 16:12:56] INFO: GET /api/categories [36m304[39m 36ms {"meta":{}}
[2026-07-03 16:12:56] INFO: Fetching all categories
[2026-07-03 16:12:56] INFO: Paintings fetched successfully {"count":24}
[2026-07-03 16:12:56] INFO: GET /api/paintings? [36m304[39m 80ms {"meta":{}}
[2026-07-03 16:12:56] INFO: Categories fetched successfully {"count":7}
[2026-07-03 16:12:56] INFO: GET /api/categories [36m304[39m 40ms {"meta":{}}
[2026-07-03 16:12:56] INFO: Fetching paintings {"categoryFilter":null}
[2026-07-03 16:12:56] INFO: Paintings fetched successfully {"count":24}
[2026-07-03 16:12:56] INFO: GET /api/paintings? [36m304[39m 74ms {"meta":{}}
[2026-07-03 16:12:57] INFO: Fetching all categories
[2026-07-03 16:12:57] INFO: Fetching paintings {"categoryFilter":null}
[2026-07-03 16:12:57] INFO: Categories fetched successfully {"count":7}
[2026-07-03 16:12:57] INFO: GET /api/categories [36m304[39m 35ms {"meta":{}}
[2026-07-03 16:12:57] INFO: Paintings fetched successfully {"count":24}
[2026-07-03 16:12:57] INFO: GET /api/paintings? [36m304[39m 73ms {"meta":{}}
[2026-07-03 16:12:58] INFO: Fetching all categories
[2026-07-03 16:12:58] INFO: Fetching paintings {"categoryFilter":null}
[2026-07-03 16:12:58] INFO: Categories fetched successfully {"count":7}
[2026-07-03 16:12:58] INFO: GET /api/categories [36m304[39m 38ms {"meta":{}}
[2026-07-03 16:12:58] INFO: Fetching all categories
[2026-07-03 16:12:58] INFO: Paintings fetched successfully {"count":24}
[2026-07-03 16:12:58] INFO: GET /api/paintings? [36m304[39m 100ms {"meta":{}}
[2026-07-03 16:12:58] INFO: Categories fetched successfully {"count":7}
[2026-07-03 16:12:58] INFO: GET /api/categories [36m304[39m 56ms {"meta":{}}
[2026-07-03 16:12:58] INFO: Fetching paintings {"categoryFilter":null}
[2026-07-03 16:12:59] INFO: Paintings fetched successfully {"count":24}
[2026-07-03 16:12:59] INFO: GET /api/paintings? [36m304[39m 79ms {"meta":{}}
[2026-07-03 16:13:02] INFO: Fetching paintings {"categoryFilter":"neoclassicism"}
[2026-07-03 16:13:02] INFO: Paintings fetched successfully {"count":5}
[2026-07-03 16:13:02] INFO: GET /api/paintings?category=neoclassicism [36m304[39m 124ms {"meta":{}}
[2026-07-03 16:13:03] INFO: Fetching paintings {"categoryFilter":null}
[2026-07-03 16:13:03] INFO: Paintings fetched successfully {"count":24}
[2026-07-03 16:13:03] INFO: GET /api/paintings? [36m304[39m 89ms {"meta":{}}
[2026-07-03 16:13:07] INFO: Fetching paintings {"categoryFilter":null}
[2026-07-03 16:13:07] INFO: Paintings fetched successfully {"count":24}
[2026-07-03 16:13:07] INFO: GET /api/paintings?search=ww [32m200[39m 70ms {"meta":{}}
[2026-07-03 16:13:10] INFO: Fetching paintings {"categoryFilter":null}
[2026-07-03 16:13:10] INFO: Paintings fetched successfully {"count":24}
[2026-07-03 16:13:10] INFO: GET /api/paintings?search=w [36m304[39m 97ms {"meta":{}}
[2026-07-03 16:13:12] INFO: Fetching paintings {"categoryFilter":null}
[2026-07-03 16:13:12] INFO: Paintings fetched successfully {"count":24}
[2026-07-03 16:13:12] INFO: GET /api/paintings?search=wa [36m304[39m 85ms {"meta":{}}
[2026-07-03 16:13:14] INFO: Fetching paintings {"categoryFilter":null}
[2026-07-03 16:13:14] INFO: Paintings fetched successfully {"count":24}
[2026-07-03 16:13:14] INFO: GET /api/paintings?search=water [36m304[39m 79ms {"meta":{}}
[2026-07-03 16:13:17] INFO: Fetching paintings {"categoryFilter":null}
[2026-07-03 16:13:17] INFO: Paintings fetched successfully {"count":24}
[2026-07-03 16:13:17] INFO: GET /api/paintings?search=water+from+the+rock [32m200[39m 99ms {"meta":{}}
[2026-07-03 16:15:17] INFO: Fetching all categories
[2026-07-03 16:15:17] INFO: Fetching paintings {"categoryFilter":null}
[2026-07-03 16:15:17] INFO: Categories fetched successfully {"count":7}
[2026-07-03 16:15:17] INFO: GET /api/categories [36m304[39m 39ms {"meta":{}}
[2026-07-03 16:15:17] INFO: Fetching all categories
[2026-07-03 16:15:17] INFO: Paintings fetched successfully {"count":24}
[2026-07-03 16:15:17] INFO: GET /api/paintings? [36m304[39m 85ms {"meta":{}}
[2026-07-03 16:15:17] INFO: Categories fetched successfully {"count":7}
[2026-07-03 16:15:17] INFO: GET /api/categories [36m304[39m 42ms {"meta":{}}
[2026-07-03 16:15:17] INFO: Fetching paintings {"categoryFilter":null}
[2026-07-03 16:15:17] INFO: Paintings fetched successfully {"count":24}
[2026-07-03 16:15:17] INFO: GET /api/paintings? [36m304[39m 85ms {"meta":{}}
[2026-07-03 16:15:20] INFO: Fetching all categories
[2026-07-03 16:15:20] INFO: Fetching paintings {"categoryFilter":null}
[2026-07-03 16:15:20] INFO: Categories fetched successfully {"count":7}
[2026-07-03 16:15:20] INFO: GET /api/categories [36m304[39m 39ms {"meta":{}}
[2026-07-03 16:15:20] INFO: Fetching all categories
[2026-07-03 16:15:20] INFO: Paintings fetched successfully {"count":24}
[2026-07-03 16:15:20] INFO: GET /api/paintings? [36m304[39m 101ms {"meta":{}}
[2026-07-03 16:15:20] INFO: Categories fetched successfully {"count":7}
[2026-07-03 16:15:20] INFO: GET /api/categories [36m304[39m 60ms {"meta":{}}
[2026-07-03 16:15:20] INFO: Fetching paintings {"categoryFilter":null}
[2026-07-03 16:15:20] INFO: Paintings fetched successfully {"count":24}
[2026-07-03 16:15:20] INFO: GET /api/paintings? [36m304[39m 81ms {"meta":{}}
[2026-07-03 16:15:24] INFO: Fetching paintings {"categoryFilter":"history"}
[2026-07-03 16:15:25] INFO: Paintings fetched successfully {"count":7}
[2026-07-03 16:15:25] INFO: GET /api/paintings?category=history [36m304[39m 120ms {"meta":{}}
[2026-07-03 16:15:25] INFO: Fetching paintings {"categoryFilter":"neoclassicism"}
[2026-07-03 16:15:25] INFO: Paintings fetched successfully {"count":5}
[2026-07-03 16:15:25] INFO: GET /api/paintings?category=neoclassicism [36m304[39m 118ms {"meta":{}}
[2026-07-03 16:15:26] INFO: Fetching paintings {"categoryFilter":"philosophy"}
[2026-07-03 16:15:26] INFO: Paintings fetched successfully {"count":1}
[2026-07-03 16:15:26] INFO: GET /api/paintings?category=philosophy [36m304[39m 127ms {"meta":{}}
[2026-07-03 16:15:29] INFO: Fetching paintings {"categoryFilter":"history"}
[2026-07-03 16:15:29] INFO: Paintings fetched successfully {"count":7}
[2026-07-03 16:15:29] INFO: GET /api/paintings?category=history [36m304[39m 114ms {"meta":{}}
[2026-07-03 16:15:29] INFO: Fetching paintings {"categoryFilter":"neoclassicism"}
[2026-07-03 16:15:29] INFO: Paintings fetched successfully {"count":5}
[2026-07-03 16:15:29] INFO: GET /api/paintings?category=neoclassicism [36m304[39m 113ms {"meta":{}}
[2026-07-03 16:15:30] INFO: Fetching paintings {"categoryFilter":null}
[2026-07-03 16:15:30] INFO: Paintings fetched successfully {"count":24}
[2026-07-03 16:15:30] INFO: GET /api/paintings? [36m304[39m 81ms {"meta":{}}
[2026-07-03 16:15:34] INFO: Fetching paintings {"categoryFilter":null}
[2026-07-03 16:15:34] INFO: Paintings fetched successfully {"count":24}
[2026-07-03 16:15:34] INFO: GET /api/paintings?search=water [36m304[39m 86ms {"meta":{}}
[2026-07-03 16:15:37] INFO: Fetching paintings {"categoryFilter":null}
[2026-07-03 16:15:37] INFO: Paintings fetched successfully {"count":24}
[2026-07-03 16:15:37] INFO: GET /api/paintings?search=water+from [32m200[39m 91ms {"meta":{}}
[2026-07-03 16:29:46] INFO: 🔗 Building relationships...
[2026-07-03 16:29:46] INFO: Updated: The Death of Socrates
[2026-07-03 16:29:46] INFO: Updated: Reply of the Zaporozhian Cossacks
[2026-07-03 16:29:46] INFO: Updated: Water from the Rock
[2026-07-03 16:29:46] INFO: Updated: The Bard
[2026-07-03 16:29:46] INFO: Updated: The Chess Players
[2026-07-03 16:29:46] INFO: Updated: Daniel in the Lion's Den
[2026-07-03 16:29:46] INFO: Updated: The Knight in the Enchanted Garden
[2026-07-03 16:29:46] INFO: Updated: The Knight of the White Cross
[2026-07-03 16:29:46] INFO: Updated: The Oath of the Horatii
[2026-07-03 16:29:46] INFO: Updated: The Coronation of Napoleon
[2026-07-03 16:29:46] INFO: Updated: The Death of Marat
[2026-07-03 16:29:46] INFO: Updated: The Apotheosis of Homer
[2026-07-03 16:29:46] INFO: Updated: Liberty Leading the People
[2026-07-03 16:29:47] INFO: Updated: The Raft of the Medusa
[2026-07-03 16:29:47] INFO: Updated: Wanderer above the Sea of Fog
[2026-07-03 16:29:47] INFO: Updated: The Nightmare
[2026-07-03 16:29:47] INFO: Updated: Ophelia
[2026-07-03 16:29:47] INFO: Updated: The Isle of the Dead
[2026-07-03 16:29:47] INFO: Updated: The Sleep of Reason Produces Monsters
[2026-07-03 16:29:47] INFO: Updated: The Kiss
[2026-07-03 16:29:47] INFO: Updated: The Return of the Prodigal Son
[2026-07-03 16:29:47] INFO: Updated: The Last Supper
[2026-07-03 16:29:47] INFO: Updated: The Creation of Adam
[2026-07-03 16:29:47] INFO: Updated: Ivan the Terrible and His Son Ivan
[2026-07-03 16:29:47] INFO: ✅ Done building relationships
[2026-07-03 16:29:57] INFO: 📊 Exporting graph...
[2026-07-03 16:29:57] INFO: ✅ graph.json exported
[2026-07-03 16:29:59] INFO: Connected to MongoDB
[2026-07-03 16:29:59] INFO: Server running on http://localhost:5000
[2026-07-03 16:30:04] INFO: Fetching all categories
[2026-07-03 16:30:04] INFO: Fetching paintings {}
[2026-07-03 16:30:04] INFO: Categories fetched successfully {"count":7}
[2026-07-03 16:30:04] INFO: GET /api/categories [36m304[39m 59ms {"meta":{}}
[2026-07-03 16:30:04] INFO: Fetching all categories
[2026-07-03 16:30:04] INFO: Categories fetched successfully {"count":7}
[2026-07-03 16:30:04] INFO: GET /api/categories [36m304[39m 81ms {"meta":{}}
[2026-07-03 16:30:04] INFO: Paintings fetched successfully {"count":24}
[2026-07-03 16:30:04] INFO: GET /api/paintings? [32m200[39m 200ms {"meta":{}}
[2026-07-03 16:30:04] INFO: Fetching paintings {}
[2026-07-03 16:30:04] INFO: Paintings fetched successfully {"count":24}
[2026-07-03 16:30:04] INFO: GET /api/paintings? [36m304[39m 110ms {"meta":{}}
[2026-07-03 16:30:07] INFO: Fetching painting {"paintingId":"6a47ad925aa0fc40bd8c0948"}
[2026-07-03 16:30:07] INFO: Painting fetched successfully {"paintingId":"6a47ad925aa0fc40bd8c0948","title":"The Death of Socrates","relatedCount":8}
[2026-07-03 16:30:07] INFO: GET /api/paintings/6a47ad925aa0fc40bd8c0948 [32m200[39m 89ms {"meta":{}}
[2026-07-03 16:30:07] INFO: Fetching painting {"paintingId":"6a47ad925aa0fc40bd8c0948"}
[2026-07-03 16:30:07] INFO: Painting fetched successfully {"paintingId":"6a47ad925aa0fc40bd8c0948","title":"The Death of Socrates","relatedCount":8}
[2026-07-03 16:30:07] INFO: GET /api/paintings/6a47ad925aa0fc40bd8c0948 [36m304[39m 96ms {"meta":{}}
[2026-07-03 16:30:12] INFO: Fetching all categories
[2026-07-03 16:30:12] INFO: Fetching paintings {}
[2026-07-03 16:30:12] INFO: Categories fetched successfully {"count":7}
[2026-07-03 16:30:12] INFO: GET /api/categories [36m304[39m 50ms {"meta":{}}
[2026-07-03 16:30:12] INFO: Fetching all categories
[2026-07-03 16:30:12] INFO: Categories fetched successfully {"count":7}
[2026-07-03 16:30:12] INFO: GET /api/categories [36m304[39m 38ms {"meta":{}}
[2026-07-03 16:30:12] INFO: Paintings fetched successfully {"count":24}
[2026-07-03 16:30:12] INFO: GET /api/paintings? [36m304[39m 127ms {"meta":{}}
[2026-07-03 16:30:12] INFO: Fetching paintings {}
[2026-07-03 16:30:12] INFO: Paintings fetched successfully {"count":24}
[2026-07-03 16:30:12] INFO: GET /api/paintings? [36m304[39m 90ms {"meta":{}}
[2026-07-03 16:30:13] INFO: GET /graph.json [32m200[39m 14ms {"meta":{}}
[2026-07-03 16:30:13] INFO: GET /graph.json [36m304[39m 2ms {"meta":{}}
[2026-07-03 16:30:17] INFO: Fetching all categories
[2026-07-03 16:30:17] INFO: Fetching paintings {}
[2026-07-03 16:30:17] INFO: Categories fetched successfully {"count":7}
[2026-07-03 16:30:17] INFO: GET /api/categories [36m304[39m 40ms {"meta":{}}
[2026-07-03 16:30:17] INFO: Fetching all categories
[2026-07-03 16:30:18] INFO: Categories fetched successfully {"count":7}
[2026-07-03 16:30:18] INFO: GET /api/categories [36m304[39m 45ms {"meta":{}}
[2026-07-03 16:30:18] INFO: Paintings fetched successfully {"count":24}
[2026-07-03 16:30:18] INFO: GET /api/paintings? [36m304[39m 127ms {"meta":{}}
[2026-07-03 16:30:18] INFO: Fetching paintings {}
[2026-07-03 16:30:18] INFO: Paintings fetched successfully {"count":24}
[2026-07-03 16:30:18] INFO: GET /api/paintings? [36m304[39m 100ms {"meta":{}}
[2026-07-03 16:32:14] INFO: Fetching all categories
[2026-07-03 16:32:14] INFO: Fetching paintings {}
[2026-07-03 16:32:14] INFO: Categories fetched successfully {"count":7}
[2026-07-03 16:32:14] INFO: GET /api/categories [36m304[39m 38ms {"meta":{}}
[2026-07-03 16:32:14] INFO: Paintings fetched successfully {"count":24}
[2026-07-03 16:32:14] INFO: GET /api/paintings? [36m304[39m 108ms {"meta":{}}
[2026-07-03 16:34:49] INFO: Fetching paintings {"category":"history"}
[2026-07-03 16:34:49] INFO: Paintings fetched successfully {"count":7}
[2026-07-03 16:34:49] INFO: GET /api/paintings?category=history [32m200[39m 136ms {"meta":{}}
[2026-07-03 16:34:51] INFO: Fetching paintings {"category":"neoclassicism"}
[2026-07-03 16:34:52] INFO: Paintings fetched successfully {"count":5}
[2026-07-03 16:34:52] INFO: GET /api/paintings?category=neoclassicism [32m200[39m 133ms {"meta":{}}
[2026-07-03 16:34:54] INFO: Fetching paintings {"category":"philosophy"}
[2026-07-03 16:34:54] INFO: Paintings fetched successfully {"count":1}
[2026-07-03 16:34:54] INFO: GET /api/paintings?category=philosophy [32m200[39m 103ms {"meta":{}}
[2026-07-03 16:34:55] INFO: Fetching paintings {"category":"realism"}
[2026-07-03 16:34:55] INFO: Paintings fetched successfully {"count":3}
[2026-07-03 16:34:55] INFO: GET /api/paintings?category=realism [32m200[39m 126ms {"meta":{}}
[2026-07-03 16:34:57] INFO: Fetching paintings {"category":"religion"}
[2026-07-03 16:34:57] INFO: Paintings fetched successfully {"count":6}
[2026-07-03 16:34:57] INFO: GET /api/paintings?category=religion [32m200[39m 119ms {"meta":{}}
[2026-07-03 16:34:59] INFO: Fetching paintings {"category":"romanticism"}
[2026-07-03 16:34:59] INFO: Paintings fetched successfully {"count":7}
[2026-07-03 16:34:59] INFO: GET /api/paintings?category=romanticism [32m200[39m 138ms {"meta":{}}
[2026-07-03 16:35:02] INFO: Fetching paintings {}
[2026-07-03 16:35:02] INFO: Fetching all categories
[2026-07-03 16:35:02] INFO: Categories fetched successfully {"count":7}
[2026-07-03 16:35:02] INFO: GET /api/categories [36m304[39m 36ms {"meta":{}}
[2026-07-03 16:35:02] INFO: Fetching all categories
[2026-07-03 16:35:02] INFO: Categories fetched successfully {"count":7}
[2026-07-03 16:35:02] INFO: GET /api/categories [36m304[39m 68ms {"meta":{}}
[2026-07-03 16:35:02] INFO: Paintings fetched successfully {"count":24}
[2026-07-03 16:35:02] INFO: GET /api/paintings? [36m304[39m 149ms {"meta":{}}
[2026-07-03 16:35:02] INFO: Fetching paintings {}
[2026-07-03 16:35:02] INFO: Paintings fetched successfully {"count":24}
[2026-07-03 16:35:02] INFO: GET /api/paintings? [36m304[39m 98ms {"meta":{}}
[2026-07-03 16:35:06] INFO: Fetching paintings {"category":"history"}
[2026-07-03 16:35:06] INFO: Paintings fetched successfully {"count":7}
[2026-07-03 16:35:06] INFO: GET /api/paintings?category=history [36m304[39m 145ms {"meta":{}}
[2026-07-03 16:35:08] INFO: Fetching paintings {"category":"philosophy"}
[2026-07-03 16:35:08] INFO: Paintings fetched successfully {"count":1}
[2026-07-03 16:35:08] INFO: GET /api/paintings?category=philosophy [36m304[39m 125ms {"meta":{}}
[2026-07-03 16:35:11] INFO: Fetching paintings {"category":"romanticism"}
[2026-07-03 16:35:11] INFO: Paintings fetched successfully {"count":7}
[2026-07-03 16:35:11] INFO: GET /api/paintings?category=romanticism [36m304[39m 120ms {"meta":{}}
[2026-07-03 16:35:14] INFO: Fetching paintings {}
[2026-07-03 16:35:14] INFO: Paintings fetched successfully {"count":24}
[2026-07-03 16:35:14] INFO: GET /api/paintings? [36m304[39m 147ms {"meta":{}}
[2026-07-03 16:35:18] INFO: Fetching paintings {"search":"c"}
[2026-07-03 16:35:18] INFO: Paintings fetched successfully {"count":20}
[2026-07-03 16:35:18] INFO: GET /api/paintings?search=c [32m200[39m 110ms {"meta":{}}
[2026-07-03 16:35:20] INFO: Fetching paintings {"search":"che"}
[2026-07-03 16:35:20] INFO: Paintings fetched successfully {"count":4}
[2026-07-03 16:35:20] INFO: GET /api/paintings?search=che [32m200[39m 74ms {"meta":{}}
[2026-07-03 16:35:21] INFO: Fetching paintings {"search":"chess"}
[2026-07-03 16:35:21] INFO: Paintings fetched successfully {"count":1}
[2026-07-03 16:35:21] INFO: GET /api/paintings?search=chess [32m200[39m 79ms {"meta":{}}
[2026-07-03 16:35:24] INFO: Fetching paintings {"search":"ches"}
[2026-07-03 16:35:24] INFO: Paintings fetched successfully {"count":2}
[2026-07-03 16:35:24] INFO: GET /api/paintings?search=ches [32m200[39m 83ms {"meta":{}}
[2026-07-03 16:35:24] INFO: Fetching paintings {}
[2026-07-03 16:35:24] INFO: Paintings fetched successfully {"count":24}
[2026-07-03 16:35:24] INFO: GET /api/paintings? [36m304[39m 142ms {"meta":{}}
[2026-07-03 16:35:25] INFO: Fetching paintings {"search":"l"}
[2026-07-03 16:35:25] INFO: Paintings fetched successfully {"count":24}
[2026-07-03 16:35:25] INFO: GET /api/paintings?search=l [32m200[39m 141ms {"meta":{}}
[2026-07-03 16:35:27] INFO: Fetching paintings {"search":"lac"}
[2026-07-03 16:35:27] INFO: Paintings fetched successfully {"count":1}
[2026-07-03 16:35:27] INFO: GET /api/paintings?search=lac [32m200[39m 71ms {"meta":{}}
[2026-07-03 16:35:30] INFO: Fetching paintings {"search":"la"}
[2026-07-03 16:35:30] INFO: Paintings fetched successfully {"count":9}
[2026-07-03 16:35:30] INFO: GET /api/paintings?search=la [32m200[39m 96ms {"meta":{}}
[2026-07-03 16:35:31] INFO: Fetching paintings {}
[2026-07-03 16:35:31] INFO: Paintings fetched successfully {"count":24}
[2026-07-03 16:35:31] INFO: GET /api/paintings? [36m304[39m 126ms {"meta":{}}
[2026-07-03 16:35:33] INFO: Fetching paintings {"search":"lio"}
[2026-07-03 16:35:33] INFO: Paintings fetched successfully {"count":1}
[2026-07-03 16:35:33] INFO: GET /api/paintings?search=lio [32m200[39m 82ms {"meta":{}}
[2026-07-03 16:35:37] INFO: Fetching paintings {}
[2026-07-03 16:35:37] INFO: Paintings fetched successfully {"count":24}
[2026-07-03 16:35:37] INFO: GET /api/paintings? [36m304[39m 156ms {"meta":{}}
[2026-07-03 16:39:53] INFO: Connected to MongoDB
[2026-07-03 16:39:53] INFO: Server running on http://localhost:5000
[2026-07-14 23:03:05] INFO: Connected to MongoDB
[2026-07-14 23:03:05] INFO: Server running on http://localhost:5000
[2026-07-14 23:03:06] INFO: Fetching all categories
[2026-07-14 23:03:06] INFO: Fetching paintings {}
[2026-07-14 23:03:06] INFO: Categories fetched successfully {"count":7}
[2026-07-14 23:03:06] INFO: GET /api/categories [36m304[39m 56ms {"meta":{}}
[2026-07-14 23:03:06] INFO: Fetching all categories
[2026-07-14 23:03:06] INFO: Categories fetched successfully {"count":7}
[2026-07-14 23:03:06] INFO: GET /api/categories [36m304[39m 37ms {"meta":{}}
[2026-07-14 23:03:06] INFO: Paintings fetched successfully {"count":24}
[2026-07-14 23:03:06] INFO: GET /api/paintings? [36m304[39m 136ms {"meta":{}}
[2026-07-14 23:03:06] INFO: Fetching paintings {}
[2026-07-14 23:03:06] INFO: Paintings fetched successfully {"count":24}
[2026-07-14 23:03:06] INFO: GET /api/paintings? [36m304[39m 89ms {"meta":{}}
[2026-07-14 23:04:03] INFO: GET /graph.json [36m304[39m 1ms {"meta":{}}
[2026-07-14 23:04:03] INFO: GET /graph.json [36m304[39m 1ms {"meta":{}}
[2026-07-14 23:04:06] INFO: Fetching paintings {}
[2026-07-14 23:04:06] INFO: Fetching all categories
[2026-07-14 23:04:06] INFO: Categories fetched successfully {"count":7}
[2026-07-14 23:04:06] INFO: GET /api/categories [36m304[39m 41ms {"meta":{}}
[2026-07-14 23:04:06] INFO: Fetching all categories
[2026-07-14 23:04:06] INFO: Categories fetched successfully {"count":7}
[2026-07-14 23:04:06] INFO: GET /api/categories [36m304[39m 44ms {"meta":{}}
[2026-07-14 23:04:06] INFO: Paintings fetched successfully {"count":24}
[2026-07-14 23:04:06] INFO: GET /api/paintings? [36m304[39m 130ms {"meta":{}}
[2026-07-14 23:04:06] INFO: Fetching paintings {}
[2026-07-14 23:04:06] INFO: Paintings fetched successfully {"count":24}
[2026-07-14 23:04:06] INFO: GET /api/paintings? [36m304[39m 77ms {"meta":{}}
[2026-07-14 23:04:15] INFO: Fetching painting {"paintingId":"6a47ad925aa0fc40bd8c0948"}
[2026-07-14 23:04:15] INFO: Painting fetched successfully {"paintingId":"6a47ad925aa0fc40bd8c0948","title":"The Death of Socrates","relatedCount":8}
[2026-07-14 23:04:15] INFO: GET /api/paintings/6a47ad925aa0fc40bd8c0948 [32m200[39m 80ms {"meta":{}}
[2026-07-14 23:04:15] INFO: Fetching painting {"paintingId":"6a47ad925aa0fc40bd8c0948"}
[2026-07-14 23:04:15] INFO: Painting fetched successfully {"paintingId":"6a47ad925aa0fc40bd8c0948","title":"The Death of Socrates","relatedCount":8}
[2026-07-14 23:04:15] INFO: GET /api/paintings/6a47ad925aa0fc40bd8c0948 [36m304[39m 101ms {"meta":{}}
[2026-07-14 23:04:21] INFO: Fetching all categories
[2026-07-14 23:04:21] INFO: Fetching paintings {}
[2026-07-14 23:04:21] INFO: Categories fetched successfully {"count":7}
[2026-07-14 23:04:21] INFO: GET /api/categories [36m304[39m 37ms {"meta":{}}
[2026-07-14 23:04:21] INFO: Fetching all categories
[2026-07-14 23:04:21] INFO: Categories fetched successfully {"count":7}
[2026-07-14 23:04:21] INFO: GET /api/categories [36m304[39m 69ms {"meta":{}}
[2026-07-14 23:04:21] INFO: Paintings fetched successfully {"count":24}
[2026-07-14 23:04:21] INFO: GET /api/paintings? [36m304[39m 163ms {"meta":{}}
[2026-07-14 23:04:21] INFO: Fetching paintings {}
[2026-07-14 23:04:21] INFO: Paintings fetched successfully {"count":24}
[2026-07-14 23:04:21] INFO: GET /api/paintings? [36m304[39m 121ms {"meta":{}}
[2026-07-14 23:06:54] INFO: Connected to MongoDB
[2026-07-14 23:06:54] INFO: Server running on http://localhost:5000
[2026-07-14 23:06:59] INFO: Connected to MongoDB
[2026-07-14 23:06:59] INFO: Server running on http://localhost:5000
[2026-07-14 23:07:10] INFO: Connected to MongoDB
[2026-07-14 23:07:10] INFO: Server running on http://localhost:5000
[2026-07-14 23:08:26] INFO: Connected to MongoDB
[2026-07-14 23:08:26] INFO: Server running on http://localhost:5000
[2026-07-14 23:19:48] INFO: Connected to MongoDB
[2026-07-14 23:19:48] INFO: Server running on http://localhost:5000
[2026-07-14 23:19:51] INFO: Fetching all categories
[2026-07-14 23:19:51] INFO: Fetching paintings {}
[2026-07-14 23:19:51] INFO: Categories fetched successfully {"count":7}
[2026-07-14 23:19:51] INFO: GET /api/categories [36m304[39m 56ms {"meta":{}}
[2026-07-14 23:19:51] INFO: Fetching all categories
[2026-07-14 23:19:52] INFO: Categories fetched successfully {"count":7}
[2026-07-14 23:19:52] INFO: GET /api/categories [36m304[39m 33ms {"meta":{}}
[2026-07-14 23:19:52] INFO: Paintings fetched successfully {"count":24}
[2026-07-14 23:19:52] INFO: GET /api/paintings? [36m304[39m 118ms {"meta":{}}
[2026-07-14 23:19:52] INFO: Fetching paintings {}
[2026-07-14 23:19:52] INFO: Paintings fetched successfully {"count":24}
[2026-07-14 23:19:52] INFO: GET /api/paintings? [36m304[39m 64ms {"meta":{}}
[2026-07-14 23:23:30] INFO: Creating user {"username":"Daniel","email":"daniel1@email.com"}
[2026-07-14 23:23:30] INFO: User created successfully {"userId":"6a569ac233aaf864f8665944"}
[2026-07-14 23:23:30] INFO: POST /api/users [32m201[39m 150ms {"meta":{}}
[2026-07-14 23:23:51] INFO: Creating user {"username":"Daniel","email":"daniel2@email.com"}
[2026-07-14 23:23:51] INFO: POST /api/users [33m409[39m 30ms {"meta":{}}
[2026-07-14 23:24:09] INFO: Creating user {"username":"Marian","email":"marian1@email.com"}
[2026-07-14 23:24:09] INFO: User created successfully {"userId":"6a569ae933aaf864f8665945"}
[2026-07-14 23:24:09] INFO: POST /api/users [32m201[39m 152ms {"meta":{}}
[2026-07-14 23:32:42] INFO: Creating user {"username":"Alex","email":"alex@email.com"}
[2026-07-14 23:32:42] INFO: User created successfully {"userId":"6a569cea33aaf864f8665946"}
[2026-07-14 23:32:42] INFO: POST /api/users [32m201[39m 154ms {"meta":{}}
[2026-07-14 23:34:34] INFO: User login attempt {"email":"alex@email.com"}
[2026-07-14 23:34:34] ERROR: Login failed {"error":{}}
[2026-07-14 23:34:34] INFO: POST /api/users/login [31m500[39m 112ms {"meta":{}}
[2026-07-14 23:34:36] INFO: User login attempt {"email":"alex@email.com"}
[2026-07-14 23:34:36] ERROR: Login failed {"error":{}}
[2026-07-14 23:34:36] INFO: POST /api/users/login [31m500[39m 116ms {"meta":{}}
[2026-07-14 23:35:42] INFO: User login attempt {"email":"alex@email.com"}
[2026-07-14 23:35:42] ERROR: Login failed {"error":{}}
[2026-07-14 23:35:42] INFO: POST /api/users/login [31m500[39m 99ms {"meta":{}}
[2026-07-15 00:16:16] INFO: Connected to MongoDB
[2026-07-15 00:16:16] INFO: Server running on http://localhost:5000
[2026-07-25 17:32:43] INFO: Connected to MongoDB
[2026-07-25 17:32:43] INFO: Server running on http://localhost:5000
[2026-07-25 17:33:02] INFO: Fetching paintings {}
[2026-07-25 17:33:02] INFO: Fetching all categories
[2026-07-25 17:33:02] INFO: Categories fetched successfully {"count":7}
[2026-07-25 17:33:02] INFO: GET /api/categories [36m304[39m 80ms {"meta":{}}
[2026-07-25 17:33:02] INFO: Fetching all categories
[2026-07-25 17:33:02] INFO: Categories fetched successfully {"count":7}
[2026-07-25 17:33:02] INFO: GET /api/categories [36m304[39m 47ms {"meta":{}}
[2026-07-25 17:33:02] INFO: Paintings fetched successfully {"count":24}
[2026-07-25 17:33:02] INFO: GET /api/paintings? [32m200[39m 211ms {"meta":{}}
[2026-07-25 17:33:02] INFO: Fetching paintings {}
[2026-07-25 17:33:02] INFO: Paintings fetched successfully {"count":24}
[2026-07-25 17:33:02] INFO: GET /api/paintings? [36m304[39m 105ms {"meta":{}}
[2026-08-23 20:43:12] INFO: Connected to MongoDB
[2026-08-23 20:43:12] INFO: Server running on http://localhost:5000
[2026-08-23 20:43:16] INFO: User login attempt {"email":"andrei@email.com"}
[2026-08-23 20:43:16] INFO: Login successful {"userId":"6a650c055afae380e1c0bbfb"}
[2026-08-23 20:43:16] INFO: POST /api/users/login [32m200[39m 165ms {"meta":{}}
[2026-08-23 20:43:17] INFO: Fetching paintings {}
[2026-08-23 20:43:17] INFO: Fetching all categories
[2026-08-23 20:43:17] INFO: Categories fetched successfully {"count":7}
[2026-08-23 20:43:17] INFO: GET /api/categories [32m200[39m 49ms {"meta":{}}
[2026-08-23 20:43:17] INFO: Fetching all categories
[2026-08-23 20:43:18] INFO: Categories fetched successfully {"count":7}
[2026-08-23 20:43:18] INFO: GET /api/categories [36m304[39m 30ms {"meta":{}}
[2026-08-23 20:43:18] INFO: Paintings fetched successfully {"count":24}
[2026-08-23 20:43:18] INFO: GET /api/paintings? [32m200[39m 129ms {"meta":{}}
[2026-08-23 20:43:18] INFO: Fetching paintings {}
[2026-08-23 20:43:18] INFO: Paintings fetched successfully {"count":24}
[2026-08-23 20:43:18] INFO: GET /api/paintings? [36m304[39m 85ms {"meta":{}}
[2026-08-23 20:44:55] INFO: Fetching painting {"paintingId":"6a47ad925aa0fc40bd8c0948"}
[2026-08-23 20:44:55] INFO: Painting fetched successfully {"paintingId":"6a47ad925aa0fc40bd8c0948","title":"The Death of Socrates","relatedCount":8}
[2026-08-23 20:44:55] INFO: GET /api/paintings/6a47ad925aa0fc40bd8c0948 [32m200[39m 144ms {"meta":{}}
[2026-08-23 20:44:55] INFO: Fetching painting {"paintingId":"6a47ad925aa0fc40bd8c0948"}
[2026-08-23 20:44:55] INFO: Painting fetched successfully {"paintingId":"6a47ad925aa0fc40bd8c0948","title":"The Death of Socrates","relatedCount":8}
[2026-08-23 20:44:55] INFO: GET /api/paintings/6a47ad925aa0fc40bd8c0948 [36m304[39m 73ms {"meta":{}}
[2026-08-23 20:44:58] INFO: Fetching all categories
[2026-08-23 20:44:58] INFO: Fetching paintings {}
[2026-08-23 20:44:58] INFO: Categories fetched successfully {"count":7}
[2026-08-23 20:44:58] INFO: GET /api/categories [36m304[39m 33ms {"meta":{}}
[2026-08-23 20:44:58] INFO: Fetching all categories
[2026-08-23 20:44:58] INFO: Categories fetched successfully {"count":7}
[2026-08-23 20:44:58] INFO: GET /api/categories [36m304[39m 43ms {"meta":{}}
[2026-08-23 20:44:58] INFO: Paintings fetched successfully {"count":24}
[2026-08-23 20:44:58] INFO: GET /api/paintings? [36m304[39m 124ms {"meta":{}}
[2026-08-23 20:44:58] INFO: Fetching paintings {}
[2026-08-23 20:44:58] INFO: Paintings fetched successfully {"count":24}
[2026-08-23 20:44:58] INFO: GET /api/paintings? [36m304[39m 104ms {"meta":{}}
[2026-08-23 20:44:59] INFO: Fetching painting {"paintingId":"6a47ad925aa0fc40bd8c094e"}
[2026-08-23 20:44:59] INFO: Painting fetched successfully {"paintingId":"6a47ad925aa0fc40bd8c094e","title":"The Knight in the Enchanted Garden","relatedCount":3}
[2026-08-23 20:44:59] INFO: GET /api/paintings/6a47ad925aa0fc40bd8c094e [32m200[39m 74ms {"meta":{}}
[2026-08-23 20:44:59] INFO: Fetching painting {"paintingId":"6a47ad925aa0fc40bd8c094e"}
[2026-08-23 20:44:59] INFO: Painting fetched successfully {"paintingId":"6a47ad925aa0fc40bd8c094e","title":"The Knight in the Enchanted Garden","relatedCount":3}
[2026-08-23 20:44:59] INFO: GET /api/paintings/6a47ad925aa0fc40bd8c094e [36m304[39m 66ms {"meta":{}}
[2026-08-23 20:45:02] INFO: Fetching all categories
[2026-08-23 20:45:02] INFO: Fetching paintings {}
[2026-08-23 20:45:02] INFO: Categories fetched successfully {"count":7}
[2026-08-23 20:45:02] INFO: GET /api/categories [36m304[39m 30ms {"meta":{}}
[2026-08-23 20:45:02] INFO: Fetching all categories
[2026-08-23 20:45:02] INFO: Categories fetched successfully {"count":7}
[2026-08-23 20:45:02] INFO: GET /api/categories [36m304[39m 29ms {"meta":{}}
[2026-08-23 20:45:02] INFO: Paintings fetched successfully {"count":24}
[2026-08-23 20:45:02] INFO: GET /api/paintings? [36m304[39m 88ms {"meta":{}}
[2026-08-23 20:45:02] INFO: Fetching paintings {}
[2026-08-23 20:45:02] INFO: Paintings fetched successfully {"count":24}
[2026-08-23 20:45:02] INFO: GET /api/paintings? [36m304[39m 71ms {"meta":{}}
[2026-08-23 20:45:03] INFO: Fetching painting {"paintingId":"6a47ad925aa0fc40bd8c0954"}
[2026-08-23 20:45:03] INFO: Painting fetched successfully {"paintingId":"6a47ad925aa0fc40bd8c0954","title":"Liberty Leading the People","relatedCount":6}
[2026-08-23 20:45:03] INFO: GET /api/paintings/6a47ad925aa0fc40bd8c0954 [32m200[39m 76ms {"meta":{}}
[2026-08-23 20:45:03] INFO: Fetching painting {"paintingId":"6a47ad925aa0fc40bd8c0954"}
[2026-08-23 20:45:03] INFO: Painting fetched successfully {"paintingId":"6a47ad925aa0fc40bd8c0954","title":"Liberty Leading the People","relatedCount":6}
[2026-08-23 20:45:03] INFO: GET /api/paintings/6a47ad925aa0fc40bd8c0954 [36m304[39m 80ms {"meta":{}}
[2026-08-23 20:45:04] INFO: Fetching all categories
[2026-08-23 20:45:04] INFO: Fetching paintings {}
[2026-08-23 20:45:04] INFO: Categories fetched successfully {"count":7}
[2026-08-23 20:45:04] INFO: GET /api/categories [36m304[39m 31ms {"meta":{}}
[2026-08-23 20:45:04] INFO: Fetching all categories
[2026-08-23 20:45:04] INFO: Categories fetched successfully {"count":7}
[2026-08-23 20:45:04] INFO: GET /api/categories [36m304[39m 29ms {"meta":{}}
[2026-08-23 20:45:04] INFO: Paintings fetched successfully {"count":24}
[2026-08-23 20:45:04] INFO: GET /api/paintings? [36m304[39m 109ms {"meta":{}}
[2026-08-23 20:45:04] INFO: Fetching paintings {}
[2026-08-23 20:45:04] INFO: Paintings fetched successfully {"count":24}
[2026-08-23 20:45:04] INFO: GET /api/paintings? [36m304[39m 79ms {"meta":{}}
[2026-08-23 20:45:15] INFO: Fetching painting {"paintingId":"6a47ad925aa0fc40bd8c0951"}
[2026-08-23 20:45:15] INFO: Painting fetched successfully {"paintingId":"6a47ad925aa0fc40bd8c0951","title":"The Coronation of Napoleon","relatedCount":4}
[2026-08-23 20:45:15] INFO: GET /api/paintings/6a47ad925aa0fc40bd8c0951 [32m200[39m 77ms {"meta":{}}
[2026-08-23 20:45:15] INFO: Fetching painting {"paintingId":"6a47ad925aa0fc40bd8c0951"}
[2026-08-23 20:45:15] INFO: Painting fetched successfully {"paintingId":"6a47ad925aa0fc40bd8c0951","title":"The Coronation of Napoleon","relatedCount":4}
[2026-08-23 20:45:15] INFO: GET /api/paintings/6a47ad925aa0fc40bd8c0951 [36m304[39m 77ms {"meta":{}}
[2026-08-23 20:45:19] INFO: Fetching all categories
[2026-08-23 20:45:19] INFO: Fetching paintings {}
[2026-08-23 20:45:19] INFO: Categories fetched successfully {"count":7}
[2026-08-23 20:45:19] INFO: GET /api/categories [36m304[39m 31ms {"meta":{}}
[2026-08-23 20:45:19] INFO: Fetching all categories
[2026-08-23 20:45:19] INFO: Categories fetched successfully {"count":7}
[2026-08-23 20:45:19] INFO: GET /api/categories [36m304[39m 36ms {"meta":{}}
[2026-08-23 20:45:19] INFO: Paintings fetched successfully {"count":24}
[2026-08-23 20:45:19] INFO: GET /api/paintings? [36m304[39m 95ms {"meta":{}}
[2026-08-23 20:45:19] INFO: Fetching paintings {}
[2026-08-23 20:45:19] INFO: Paintings fetched successfully {"count":24}
[2026-08-23 20:45:19] INFO: GET /api/paintings? [36m304[39m 78ms {"meta":{}}
[2026-08-23 20:53:14] INFO: Connected to MongoDB
[2026-08-23 20:53:14] INFO: Server running on http://localhost:5000
[2026-08-23 20:53:22] INFO: Connected to MongoDB
[2026-08-23 20:53:22] INFO: Server running on http://localhost:5000
[2026-08-23 21:40:44] INFO: Connected to MongoDB
[2026-08-23 21:40:44] INFO: Server running on http://localhost:5000
[2026-08-23 22:01:41] INFO: Connected to MongoDB
[2026-08-23 22:01:41] INFO: Server running on http://localhost:5000
[2026-08-23 22:01:44] INFO: Connected to MongoDB
[2026-08-23 22:01:44] INFO: Server running on http://localhost:5000
[2026-08-23 22:02:02] INFO: Connected to MongoDB
[2026-08-23 22:02:02] INFO: Server running on http://localhost:5000
[2026-08-23 22:03:14] INFO: Connected to MongoDB
[2026-08-23 22:03:14] INFO: Server running on http://localhost:5000
[2026-08-23 22:05:20] INFO: Connected to MongoDB
[2026-08-23 22:05:20] INFO: Server running on http://localhost:5000
[2026-08-23 22:05:25] INFO: User login attempt {"email":"andrei@email.com"}
[2026-08-23 22:05:25] INFO: Login successful {"userId":"6a650c055afae380e1c0bbfb"}
[2026-08-23 22:05:25] INFO: POST /api/users/login [32m200[39m 102ms {"meta":{}}
[2026-08-23 22:05:26] INFO: Fetching paintings {}
[2026-08-23 22:05:26] INFO: Fetching all categories
[2026-08-23 22:05:26] INFO: Categories fetched successfully {"count":7}
[2026-08-23 22:05:26] INFO: GET /api/categories [36m304[39m 33ms {"meta":{}}
[2026-08-23 22:05:26] INFO: Fetching all categories
[2026-08-23 22:05:26] INFO: Categories fetched successfully {"count":7}
[2026-08-23 22:05:26] INFO: GET /api/categories [36m304[39m 38ms {"meta":{}}
[2026-08-23 22:05:26] INFO: Paintings fetched successfully {"count":24}
[2026-08-23 22:05:26] INFO: GET /api/paintings? [36m304[39m 112ms {"meta":{}}
[2026-08-23 22:05:26] INFO: Fetching paintings {}
[2026-08-23 22:05:26] INFO: Paintings fetched successfully {"count":24}
[2026-08-23 22:05:26] INFO: GET /api/paintings? [36m304[39m 64ms {"meta":{}}
[2026-08-23 22:05:32] INFO: Fetching painting {"paintingId":"6a47ad925aa0fc40bd8c0948"}
[2026-08-23 22:05:32] INFO: Painting fetched successfully {"paintingId":"6a47ad925aa0fc40bd8c0948","title":"The Death of Socrates","relatedCount":8}
[2026-08-23 22:05:32] INFO: GET /api/paintings/6a47ad925aa0fc40bd8c0948 [36m304[39m 66ms {"meta":{}}
[2026-08-23 22:05:32] INFO: Fetching painting {"paintingId":"6a47ad925aa0fc40bd8c0948"}
[2026-08-23 22:05:32] INFO: Painting fetched successfully {"paintingId":"6a47ad925aa0fc40bd8c0948","title":"The Death of Socrates","relatedCount":8}
[2026-08-23 22:05:32] INFO: GET /api/paintings/6a47ad925aa0fc40bd8c0948 [36m304[39m 60ms {"meta":{}}
[2026-08-23 22:05:43] INFO: Fetching all categories
[2026-08-23 22:05:43] INFO: Fetching paintings {}
[2026-08-23 22:05:43] INFO: Categories fetched successfully {"count":7}
[2026-08-23 22:05:43] INFO: GET /api/categories [36m304[39m 30ms {"meta":{}}
[2026-08-23 22:05:43] INFO: Fetching all categories
[2026-08-23 22:05:43] INFO: Categories fetched successfully {"count":7}
[2026-08-23 22:05:43] INFO: GET /api/categories [36m304[39m 30ms {"meta":{}}
[2026-08-23 22:05:43] INFO: Paintings fetched successfully {"count":24}
[2026-08-23 22:05:43] INFO: GET /api/paintings? [36m304[39m 76ms {"meta":{}}
[2026-08-23 22:05:43] INFO: Fetching paintings {}
[2026-08-23 22:05:43] INFO: Paintings fetched successfully {"count":24}
[2026-08-23 22:05:43] INFO: GET /api/paintings? [36m304[39m 77ms {"meta":{}}
[2026-08-23 22:06:59] INFO: Connected to MongoDB
[2026-08-23 22:06:59] INFO: Server running on http://localhost:5000
[2026-08-23 22:07:03] INFO: User login attempt {"email":"andrei@email.com"}
[2026-08-23 22:07:03] INFO: Login successful {"userId":"6a650c055afae380e1c0bbfb"}
[2026-08-23 22:07:03] INFO: POST /api/users/login [32m200[39m 128ms {"meta":{}}
[2026-08-23 22:07:04] INFO: Fetching paintings {}
[2026-08-23 22:07:04] INFO: Fetching all categories
[2026-08-23 22:07:04] INFO: Categories fetched successfully {"count":7}
[2026-08-23 22:07:04] INFO: GET /api/categories [36m304[39m 29ms {"meta":{}}
[2026-08-23 22:07:04] INFO: Fetching all categories
[2026-08-23 22:07:04] INFO: Categories fetched successfully {"count":7}
[2026-08-23 22:07:04] INFO: GET /api/categories [36m304[39m 30ms {"meta":{}}
[2026-08-23 22:07:04] INFO: Paintings fetched successfully {"count":24}
[2026-08-23 22:07:04] INFO: GET /api/paintings? [36m304[39m 78ms {"meta":{}}
[2026-08-23 22:07:04] INFO: Fetching paintings {}
[2026-08-23 22:07:04] INFO: Paintings fetched successfully {"count":24}
[2026-08-23 22:07:04] INFO: GET /api/paintings? [36m304[39m 55ms {"meta":{}}
[2026-08-23 22:09:27] INFO: Connected to MongoDB
[2026-08-23 22:09:27] INFO: Server running on http://localhost:5000
[2026-08-23 22:09:31] INFO: User login attempt {"email":"andrei@email.com"}
[2026-08-23 22:09:31] INFO: Login successful {"userId":"6a650c055afae380e1c0bbfb"}
[2026-08-23 22:09:31] INFO: POST /api/users/login [32m200[39m 97ms {"meta":{}}
[2026-08-23 22:09:33] INFO: Fetching paintings {}
[2026-08-23 22:09:33] INFO: Fetching all categories
[2026-08-23 22:09:33] INFO: Categories fetched successfully {"count":7}
[2026-08-23 22:09:33] INFO: GET /api/categories [36m304[39m 30ms {"meta":{}}
[2026-08-23 22:09:33] INFO: Fetching all categories
[2026-08-23 22:09:33] INFO: Categories fetched successfully {"count":7}
[2026-08-23 22:09:33] INFO: GET /api/categories [36m304[39m 38ms {"meta":{}}
[2026-08-23 22:09:33] INFO: Paintings fetched successfully {"count":24}
[2026-08-23 22:09:33] INFO: GET /api/paintings? [36m304[39m 78ms {"meta":{}}
[2026-08-23 22:09:33] INFO: Fetching paintings {}
[2026-08-23 22:09:33] INFO: Paintings fetched successfully {"count":24}
[2026-08-23 22:09:33] INFO: GET /api/paintings? [36m304[39m 54ms {"meta":{}}
[2026-08-23 22:09:36] INFO: Fetching painting {"paintingId":"6a47ad925aa0fc40bd8c0948"}
[2026-08-23 22:09:36] INFO: Painting fetched successfully {"paintingId":"6a47ad925aa0fc40bd8c0948","title":"The Death of Socrates","relatedCount":8}
[2026-08-23 22:09:36] INFO: GET /api/paintings/6a47ad925aa0fc40bd8c0948 [36m304[39m 56ms {"meta":{}}
[2026-08-23 22:09:36] INFO: Fetching painting {"paintingId":"6a47ad925aa0fc40bd8c0948"}
[2026-08-23 22:09:36] INFO: Painting fetched successfully {"paintingId":"6a47ad925aa0fc40bd8c0948","title":"The Death of Socrates","relatedCount":8}
[2026-08-23 22:09:36] INFO: GET /api/paintings/6a47ad925aa0fc40bd8c0948 [36m304[39m 60ms {"meta":{}}
[2026-08-23 22:09:55] INFO: Fetching all categories
[2026-08-23 22:09:55] INFO: Fetching paintings {}
[2026-08-23 22:09:55] INFO: Categories fetched successfully {"count":7}
[2026-08-23 22:09:55] INFO: GET /api/categories [36m304[39m 29ms {"meta":{}}
[2026-08-23 22:09:55] INFO: Fetching all categories
[2026-08-23 22:09:55] INFO: Categories fetched successfully {"count":7}
[2026-08-23 22:09:55] INFO: GET /api/categories [36m304[39m 32ms {"meta":{}}
[2026-08-23 22:09:55] INFO: Paintings fetched successfully {"count":24}
[2026-08-23 22:09:55] INFO: GET /api/paintings? [36m304[39m 74ms {"meta":{}}
[2026-08-23 22:09:55] INFO: Fetching paintings {}
[2026-08-23 22:09:55] INFO: Paintings fetched successfully {"count":24}
[2026-08-23 22:09:55] INFO: GET /api/paintings? [36m304[39m 53ms {"meta":{}}
[2026-08-23 22:11:00] INFO: Connected to MongoDB
[2026-08-23 22:11:00] INFO: Server running on http://localhost:5000
[2026-08-23 22:11:03] INFO: User login attempt {"email":"andrei@email.com"}
[2026-08-23 22:11:03] INFO: Login successful {"userId":"6a650c055afae380e1c0bbfb"}
[2026-08-23 22:11:03] INFO: POST /api/users/login [32m200[39m 87ms {"meta":{}}
[2026-08-23 22:11:05] INFO: Fetching paintings {}
[2026-08-23 22:11:05] INFO: Fetching all categories
[2026-08-23 22:11:05] INFO: Categories fetched successfully {"count":7}
[2026-08-23 22:11:05] INFO: GET /api/categories [36m304[39m 28ms {"meta":{}}
[2026-08-23 22:11:05] INFO: Fetching all categories
[2026-08-23 22:11:05] INFO: Categories fetched successfully {"count":7}
[2026-08-23 22:11:05] INFO: GET /api/categories [36m304[39m 28ms {"meta":{}}
[2026-08-23 22:11:05] INFO: Paintings fetched successfully {"count":24}
[2026-08-23 22:11:05] INFO: GET /api/paintings? [36m304[39m 98ms {"meta":{}}
[2026-08-23 22:11:05] INFO: Fetching paintings {}
[2026-08-23 22:11:05] INFO: Paintings fetched successfully {"count":24}
[2026-08-23 22:11:05] INFO: GET /api/paintings? [36m304[39m 59ms {"meta":{}}
[2026-08-23 22:11:13] INFO: Fetching painting {"paintingId":"6a47ad925aa0fc40bd8c0948"}
[2026-08-23 22:11:13] INFO: Painting fetched successfully {"paintingId":"6a47ad925aa0fc40bd8c0948","title":"The Death of Socrates","relatedCount":8}
[2026-08-23 22:11:13] INFO: GET /api/paintings/6a47ad925aa0fc40bd8c0948 [36m304[39m 61ms {"meta":{}}
[2026-08-23 22:11:13] INFO: Fetching painting {"paintingId":"6a47ad925aa0fc40bd8c0948"}
[2026-08-23 22:11:13] INFO: Painting fetched successfully {"paintingId":"6a47ad925aa0fc40bd8c0948","title":"The Death of Socrates","relatedCount":8}
[2026-08-23 22:11:13] INFO: GET /api/paintings/6a47ad925aa0fc40bd8c0948 [36m304[39m 54ms {"meta":{}}
[2026-08-23 22:12:21] INFO: Fetching all categories
[2026-08-23 22:12:21] INFO: Fetching paintings {}
[2026-08-23 22:12:21] INFO: Categories fetched successfully {"count":7}
[2026-08-23 22:12:21] INFO: GET /api/categories [36m304[39m 34ms {"meta":{}}
[2026-08-23 22:12:21] INFO: Fetching all categories
[2026-08-23 22:12:21] INFO: Categories fetched successfully {"count":7}
[2026-08-23 22:12:21] INFO: GET /api/categories [36m304[39m 31ms {"meta":{}}
[2026-08-23 22:12:21] INFO: Paintings fetched successfully {"count":24}
[2026-08-23 22:12:21] INFO: GET /api/paintings? [36m304[39m 91ms {"meta":{}}
[2026-08-23 22:12:21] INFO: Fetching paintings {}
[2026-08-23 22:12:21] INFO: Paintings fetched successfully {"count":24}
[2026-08-23 22:12:21] INFO: GET /api/paintings? [36m304[39m 74ms {"meta":{}}
[2026-08-23 22:12:46] INFO: Connected to MongoDB
[2026-08-23 22:12:46] INFO: Server running on http://localhost:5000
[2026-08-23 22:12:51] INFO: Fetching all categories
[2026-08-23 22:12:51] INFO: Fetching paintings {}
[2026-08-23 22:12:51] INFO: Categories fetched successfully {"count":7}
[2026-08-23 22:12:51] INFO: GET /api/categories [36m304[39m 46ms {"meta":{}}
[2026-08-23 22:12:51] INFO: Fetching all categories
[2026-08-23 22:12:51] INFO: Categories fetched successfully {"count":7}
[2026-08-23 22:12:51] INFO: GET /api/categories [36m304[39m 32ms {"meta":{}}
[2026-08-23 22:12:51] INFO: Paintings fetched successfully {"count":24}
[2026-08-23 22:12:51] INFO: GET /api/paintings? [36m304[39m 109ms {"meta":{}}
[2026-08-23 22:12:51] INFO: Fetching paintings {}
[2026-08-23 22:12:51] INFO: Paintings fetched successfully {"count":24}
[2026-08-23 22:12:51] INFO: GET /api/paintings? [36m304[39m 84ms {"meta":{}}
[2026-08-23 22:13:29] INFO: Connected to MongoDB
[2026-08-23 22:13:29] INFO: Server running on http://localhost:5000
[2026-08-23 22:13:31] INFO: Fetching all categories
[2026-08-23 22:13:31] INFO: Fetching paintings {}
[2026-08-23 22:13:31] INFO: Fetching paintings {}
[2026-08-23 22:13:31] INFO: Categories fetched successfully {"count":7}
[2026-08-23 22:13:31] INFO: GET /api/categories [36m304[39m 38ms {"meta":{}}
[2026-08-23 22:13:31] INFO: Paintings fetched successfully {"count":24}
[2026-08-23 22:13:31] INFO: GET /api/paintings? [36m304[39m 99ms {"meta":{}}
[2026-08-23 22:13:31] INFO: Paintings fetched successfully {"count":24}
[2026-08-23 22:13:31] INFO: GET /api/paintings? [32m200[39m 91ms {"meta":{}}
[2026-08-23 22:13:32] INFO: Fetching all categories
[2026-08-23 22:13:32] INFO: Fetching paintings {}
[2026-08-23 22:13:32] INFO: Categories fetched successfully {"count":7}
[2026-08-23 22:13:32] INFO: GET /api/categories [32m200[39m 34ms {"meta":{}}
[2026-08-23 22:13:32] INFO: Fetching all categories
[2026-08-23 22:13:32] INFO: Categories fetched successfully {"count":7}
[2026-08-23 22:13:32] INFO: GET /api/categories [36m304[39m 41ms {"meta":{}}
[2026-08-23 22:13:32] INFO: Paintings fetched successfully {"count":24}
[2026-08-23 22:13:32] INFO: GET /api/paintings? [32m200[39m 100ms {"meta":{}}
[2026-08-23 22:13:32] INFO: Fetching paintings {}
[2026-08-23 22:13:32] INFO: Paintings fetched successfully {"count":24}
[2026-08-23 22:13:32] INFO: GET /api/paintings? [36m304[39m 70ms {"meta":{}}
[2026-08-23 22:14:38] INFO: Fetching all categories
[2026-08-23 22:14:38] INFO: Fetching paintings {}
[2026-08-23 22:14:38] INFO: Categories fetched successfully {"count":7}
[2026-08-23 22:14:38] INFO: GET /api/categories [36m304[39m 38ms {"meta":{}}
[2026-08-23 22:14:38] INFO: Fetching all categories
[2026-08-23 22:14:38] INFO: Categories fetched successfully {"count":7}
[2026-08-23 22:14:38] INFO: GET /api/categories [36m304[39m 42ms {"meta":{}}
[2026-08-23 22:14:38] INFO: Paintings fetched successfully {"count":24}
[2026-08-23 22:14:38] INFO: GET /api/paintings? [36m304[39m 115ms {"meta":{}}
[2026-08-23 22:14:38] INFO: Fetching paintings {}
[2026-08-23 22:14:38] INFO: Paintings fetched successfully {"count":24}
[2026-08-23 22:14:38] INFO: GET /api/paintings? [36m304[39m 90ms {"meta":{}}
[2026-08-23 22:14:39] INFO: Fetching painting {"paintingId":"6a47ad925aa0fc40bd8c0948"}
[2026-08-23 22:14:39] INFO: Painting fetched successfully {"paintingId":"6a47ad925aa0fc40bd8c0948","title":"The Death of Socrates","relatedCount":8}
[2026-08-23 22:14:39] INFO: GET /api/paintings/6a47ad925aa0fc40bd8c0948 [36m304[39m 68ms {"meta":{}}
[2026-08-23 22:14:39] INFO: Fetching painting {"paintingId":"6a47ad925aa0fc40bd8c0948"}
[2026-08-23 22:14:39] INFO: Painting fetched successfully {"paintingId":"6a47ad925aa0fc40bd8c0948","title":"The Death of Socrates","relatedCount":8}
[2026-08-23 22:14:39] INFO: GET /api/paintings/6a47ad925aa0fc40bd8c0948 [36m304[39m 79ms {"meta":{}}
[2026-08-23 22:15:39] INFO: Fetching all categories
[2026-08-23 22:15:39] INFO: Fetching paintings {}
[2026-08-23 22:15:39] INFO: Categories fetched successfully {"count":7}
[2026-08-23 22:15:39] INFO: GET /api/categories [36m304[39m 31ms {"meta":{}}
[2026-08-23 22:15:39] INFO: Fetching all categories
[2026-08-23 22:15:39] INFO: Categories fetched successfully {"count":7}
[2026-08-23 22:15:39] INFO: GET /api/categories [36m304[39m 35ms {"meta":{}}
[2026-08-23 22:15:39] INFO: Paintings fetched successfully {"count":24}
[2026-08-23 22:15:39] INFO: GET /api/paintings? [36m304[39m 95ms {"meta":{}}
[2026-08-23 22:15:39] INFO: Fetching paintings {}
[2026-08-23 22:15:40] INFO: Paintings fetched successfully {"count":24}
[2026-08-23 22:15:40] INFO: GET /api/paintings? [36m304[39m 103ms {"meta":{}}
[2026-08-23 22:15:49] INFO: User login attempt {"email":"andrei@email.com"}
[2026-08-23 22:15:49] INFO: Login successful {"userId":"6a650c055afae380e1c0bbfb"}
[2026-08-23 22:15:49] INFO: POST /api/users/login [32m200[39m 125ms {"meta":{}}
[2026-08-23 22:15:51] INFO: Fetching paintings {}
[2026-08-23 22:15:51] INFO: Fetching all categories
[2026-08-23 22:15:51] INFO: Categories fetched successfully {"count":7}
[2026-08-23 22:15:51] INFO: GET /api/categories [36m304[39m 35ms {"meta":{}}
[2026-08-23 22:15:51] INFO: Fetching all categories
[2026-08-23 22:15:51] INFO: Categories fetched successfully {"count":7}
[2026-08-23 22:15:51] INFO: GET /api/categories [36m304[39m 42ms {"meta":{}}
[2026-08-23 22:15:51] INFO: Paintings fetched successfully {"count":24}
[2026-08-23 22:15:51] INFO: GET /api/paintings? [36m304[39m 114ms {"meta":{}}
[2026-08-23 22:15:51] INFO: Fetching paintings {}
[2026-08-23 22:15:51] INFO: Paintings fetched successfully {"count":24}
[2026-08-23 22:15:51] INFO: GET /api/paintings? [36m304[39m 92ms {"meta":{}}
[2026-08-23 22:16:21] INFO: Connected to MongoDB
[2026-08-23 22:16:21] INFO: Server running on http://localhost:5000
[2026-08-23 22:20:15] INFO: Connected to MongoDB
[2026-08-23 22:20:15] INFO: Server running on http://localhost:5000
[2026-08-23 22:20:15] INFO: Fetching all categories
[2026-08-23 22:20:15] INFO: Fetching paintings {}
[2026-08-23 22:20:15] INFO: Categories fetched successfully {"count":7}
[2026-08-23 22:20:15] INFO: GET /api/categories [36m304[39m 78ms {"meta":{}}
[2026-08-23 22:20:15] INFO: Fetching all categories
[2026-08-23 22:20:15] INFO: Paintings fetched successfully {"count":24}
[2026-08-23 22:20:15] INFO: GET /api/paintings? [36m304[39m 155ms {"meta":{}}
[2026-08-23 22:20:15] INFO: Fetching paintings {}
[2026-08-23 22:20:15] INFO: Paintings fetched successfully {"count":24}
[2026-08-23 22:20:15] INFO: GET /api/paintings? [36m304[39m 82ms {"meta":{}}
[2026-08-23 22:20:15] INFO: Categories fetched successfully {"count":7}
[2026-08-23 22:20:15] INFO: GET /api/categories [36m304[39m 237ms {"meta":{}}
[2026-08-23 22:20:29] INFO: Fetching all categories
[2026-08-23 22:20:29] INFO: Fetching paintings {}
[2026-08-23 22:20:29] INFO: Categories fetched successfully {"count":7}
[2026-08-23 22:20:29] INFO: GET /api/categories [36m304[39m 30ms {"meta":{}}
[2026-08-23 22:20:29] INFO: Fetching all categories
[2026-08-23 22:20:29] INFO: Categories fetched successfully {"count":7}
[2026-08-23 22:20:29] INFO: GET /api/categories [36m304[39m 28ms {"meta":{}}
[2026-08-23 22:20:29] INFO: Paintings fetched successfully {"count":24}
[2026-08-23 22:20:29] INFO: GET /api/paintings? [36m304[39m 124ms {"meta":{}}
[2026-08-23 22:20:29] INFO: Fetching paintings {}
[2026-08-23 22:20:29] INFO: Paintings fetched successfully {"count":24}
[2026-08-23 22:20:29] INFO: GET /api/paintings? [36m304[39m 93ms {"meta":{}}
[2026-08-23 22:21:46] INFO: Fetching painting {"paintingId":"6a47ad925aa0fc40bd8c0948"}
[2026-08-23 22:21:47] INFO: Painting fetched successfully {"paintingId":"6a47ad925aa0fc40bd8c0948","title":"The Death of Socrates","relatedCount":8}
[2026-08-23 22:21:47] INFO: GET /api/paintings/6a47ad925aa0fc40bd8c0948 [36m304[39m 82ms {"meta":{}}
[2026-08-23 22:21:47] INFO: Fetching painting {"paintingId":"6a47ad925aa0fc40bd8c0948"}
[2026-08-23 22:21:47] INFO: Painting fetched successfully {"paintingId":"6a47ad925aa0fc40bd8c0948","title":"The Death of Socrates","relatedCount":8}
[2026-08-23 22:21:47] INFO: GET /api/paintings/6a47ad925aa0fc40bd8c0948 [36m304[39m 100ms {"meta":{}}
[2026-08-23 22:24:45] INFO: Fetching painting {"paintingId":"painting1.jpg"}
[2026-08-23 22:24:45] ERROR: Failed to fetch painting {"paintingId":"painting1.jpg","error":{"stringValue":"\"painting1.jpg\"","valueType":"string","kind":"ObjectId","value":"painting1.jpg","path":"_id","reason":{},"name":"CastError","message":"Cast to ObjectId failed for value \"painting1.jpg\" (type string) at path \"_id\" for model \"Painting\""}}
[2026-08-23 22:24:45] INFO: GET /api/paintings/painting1.jpg [31m500[39m 2ms {"meta":{}}
[2026-08-23 22:24:45] INFO: GET /favicon.ico [33m404[39m 1ms {"meta":{}}
[2026-08-23 22:25:50] INFO: Fetching paintings {}
[2026-08-23 22:25:50] INFO: Paintings fetched successfully {"count":24}
[2026-08-23 22:25:50] INFO: GET /api/paintings [32m200[39m 139ms {"meta":{}}
[2026-08-23 22:26:22] INFO: Fetching painting {"paintingId":"6a47ad925aa0fc40bd8c0948"}
[2026-08-23 22:26:22] INFO: Painting fetched successfully {"paintingId":"6a47ad925aa0fc40bd8c0948","title":"The Death of Socrates","relatedCount":8}
[2026-08-23 22:26:22] INFO: GET /api/paintings/6a47ad925aa0fc40bd8c0948 [36m304[39m 79ms {"meta":{}}
[2026-08-23 22:26:22] INFO: Fetching painting {"paintingId":"6a47ad925aa0fc40bd8c0948"}
[2026-08-23 22:26:22] INFO: Painting fetched successfully {"paintingId":"6a47ad925aa0fc40bd8c0948","title":"The Death of Socrates","relatedCount":8}
[2026-08-23 22:26:22] INFO: GET /api/paintings/6a47ad925aa0fc40bd8c0948 [36m304[39m 83ms {"meta":{}}
[2026-08-23 22:30:39] INFO: Fetching paintings {}
[2026-08-23 22:30:39] INFO: Paintings fetched successfully {"count":24}
[2026-08-23 22:30:39] INFO: GET /api/paintings? [36m304[39m 110ms {"meta":{}}
[2026-08-23 22:32:02] INFO: Fetching painting {"paintingId":"6a47ad925aa0fc40bd8c0948"}
[2026-08-23 22:32:02] INFO: Painting fetched successfully {"paintingId":"6a47ad925aa0fc40bd8c0948","title":"The Death of Socrates","relatedCount":8}
[2026-08-23 22:32:02] INFO: GET /api/paintings/6a47ad925aa0fc40bd8c0948 [36m304[39m 70ms {"meta":{}}
[2026-08-23 22:32:02] INFO: Fetching painting {"paintingId":"6a47ad925aa0fc40bd8c0948"}
[2026-08-23 22:32:02] INFO: Painting fetched successfully {"paintingId":"6a47ad925aa0fc40bd8c0948","title":"The Death of Socrates","relatedCount":8}
[2026-08-23 22:32:02] INFO: GET /api/paintings/6a47ad925aa0fc40bd8c0948 [36m304[39m 66ms {"meta":{}}
[2026-08-23 22:34:35] INFO: Connected to MongoDB
[2026-08-23 22:34:35] INFO: Server running on http://localhost:5000
[2026-08-23 22:34:38] INFO: Fetching painting {"paintingId":"6a47ad925aa0fc40bd8c0948"}
[2026-08-23 22:34:38] INFO: Painting fetched successfully {"paintingId":"6a47ad925aa0fc40bd8c0948","title":"The Death of Socrates","relatedCount":8}
[2026-08-23 22:34:38] INFO: GET /api/paintings/6a47ad925aa0fc40bd8c0948 [36m304[39m 110ms {"meta":{}}
[2026-08-23 22:34:38] INFO: Fetching painting {"paintingId":"6a47ad925aa0fc40bd8c0948"}
[2026-08-23 22:34:38] INFO: Painting fetched successfully {"paintingId":"6a47ad925aa0fc40bd8c0948","title":"The Death of Socrates","relatedCount":8}
[2026-08-23 22:34:38] INFO: GET /api/paintings/6a47ad925aa0fc40bd8c0948 [36m304[39m 63ms {"meta":{}}
[2026-08-23 22:34:42] INFO: Fetching paintings {}
[2026-08-23 22:34:42] INFO: Fetching all categories
[2026-08-23 22:34:42] INFO: Categories fetched successfully {"count":7}
[2026-08-23 22:34:42] INFO: GET /api/categories [36m304[39m 26ms {"meta":{}}
[2026-08-23 22:34:42] INFO: Fetching all categories
[2026-08-23 22:34:42] INFO: Categories fetched successfully {"count":7}
[2026-08-23 22:34:42] INFO: GET /api/categories [36m304[39m 45ms {"meta":{}}
[2026-08-23 22:34:42] INFO: Paintings fetched successfully {"count":24}
[2026-08-23 22:34:42] INFO: GET /api/paintings? [36m304[39m 115ms {"meta":{}}
[2026-08-23 22:34:42] INFO: Fetching paintings {}
[2026-08-23 22:34:42] INFO: Paintings fetched successfully {"count":24}
[2026-08-23 22:34:42] INFO: GET /api/paintings? [36m304[39m 85ms {"meta":{}}
